EXPERIMENT_ID,LABEL,PROGRAM,NIGHT,DATE,PROGRAM_GAUGE_OFFSET_KMS,N_FOLDS,FOLD_OFFSET_STD_KMS,BOOTSTRAP_N,BOOTSTRAP_OFFSET_MEDIAN_KMS,BOOTSTRAP_OFFSET_Q025_KMS,BOOTSTRAP_OFFSET_Q975_KMS
E1_temporal_persistence,BACKUP:20211125,BACKUP,20211125,2021-11-25,1.9654331169574664,5,0.025588881621683445,50,1.9846220623440383,1.9388696354578465,2.016197678356654
E1_temporal_persistence,BACKUP:20211206,BACKUP,20211206,2021-12-06,1.7769148349583959,5,0.02532094861533821,50,1.7748779312373535,1.743183195248656,1.8106979783604853
E1_temporal_persistence,BACKUP:20211207,BACKUP,20211207,2021-12-07,1.7783350110126972,5,0.0199865911050547,50,1.7955031710693456,1.7229171978009188,1.8348915567988677
E1_temporal_persistence,BACKUP:20211216,BACKUP,20211216,2021-12-16,6.378232022067645,5,0.04112923866687951,50,6.388143332337581,6.340921054159279,6.431391623389036
E1_temporal_persistence,BACKUP:20211217,BACKUP,20211217,2021-12-17,3.2330746109204243,5,0.023366907567566292,50,3.2409726292482075,3.210034935154047,3.272842266144506
E1_temporal_persistence,BACKUP:20211218,BACKUP,20211218,2021-12-18,2.392365019872886,5,0.024756194542783452,50,2.4112246874216177,2.373800087893187,2.4375891909030996
E1_temporal_persistence,BACKUP:20211220,BACKUP,20211220,2021-12-20,1.4647186128063756,5,0.03196859089497935,50,1.4743811003902407,1.4403917386193248,1.5087683599652113
E1_temporal_persistence,BACKUP:20220101,BACKUP,20220101,2022-01-01,1.2580564000196244,5,0.04672771795261379,50,1.2644753350150841,1.2118257489761934,1.3368147486186448
E1_temporal_persistence,BACKUP:20220111,BACKUP,20220111,2022-01-11,1.1394299364025195,5,0.02088276861630152,50,1.1383469198580425,1.1190648855194685,1.167406969215049
E1_temporal_persistence,BACKUP:20220112,BACKUP,20220112,2022-01-12,-2.191709900608957,5,0.04144687255681124,50,-2.179496231443318,-2.250974046740204,-2.1174172114717362
E1_temporal_persistence,BACKUP:20220113,BACKUP,20220113,2022-01-13,-1.79737153530046,5,0.02308012106773425,50,-1.8044600516363132,-1.8576954769292942,-1.7534424611262966
E1_temporal_persistence,BACKUP:20220114,BACKUP,20220114,2022-01-14,0.6025078020040598,5,0.022250913922964497,50,0.6164334936677485,0.5919906540330184,0.6553918293952115
E1_temporal_persistence,BACKUP:20220121,BACKUP,20220121,2022-01-21,-0.7716763163323783,5,0.03527904816411691,50,-0.7753159210570484,-0.8202850787208317,-0.7049994903194101
E1_temporal_persistence,BACKUP:20220122,BACKUP,20220122,2022-01-22,2.6145660207648116,5,0.014736921231169474,50,2.622813796665988,2.5974178020189127,2.651025517601274
E1_temporal_persistence,BACKUP:20220123,BACKUP,20220123,2022-01-23,-0.4686873317937856,5,0.04789412378738457,50,-0.45971645109936426,-0.539123283098417,-0.4041402530869149
E1_temporal_persistence,BACKUP:20220126,BACKUP,20220126,2022-01-26,-7.407004654146139,5,0.05250956759566559,50,-7.390814421774504,-7.473711848898251,-7.292853799135945
E1_temporal_persistence,BACKUP:20220127,BACKUP,20220127,2022-01-27,-0.37771557076563095,5,0.018446757696337527,50,-0.37670691399705103,-0.4094708695638742,-0.34925630682168346
E1_temporal_persistence,BACKUP:20220128,BACKUP,20220128,2022-01-28,1.8186747284350928,5,0.03091645301496036,50,1.8244226915036035,1.711385295668358,1.9578898795696094
E1_temporal_persistence,BACKUP:20220129,BACKUP,20220129,2022-01-29,-0.07249856582266817,5,0.02391531507430109,50,-0.06643061806035502,-0.11100934176736107,-0.017276476621156504
E1_temporal_persistence,BACKUP:20220131,BACKUP,20220131,2022-01-31,-0.5236268129980464,5,0.03778272467560876,50,-0.5231238972333153,-0.5891639487142886,-0.4621622174760704
E1_temporal_persistence,BACKUP:20220203,BACKUP,20220203,2022-02-03,0.7042048326329713,5,0.03348279488275477,50,0.7227529667354018,0.6883814947260016,0.7636692829907706
E1_temporal_persistence,BACKUP:20220205,BACKUP,20220205,2022-02-05,-4.383371764349313,5,0.014437166160602697,50,-4.387005692778338,-4.430260363444096,-4.341136753507787
E1_temporal_persistence,BACKUP:20220206,BACKUP,20220206,2022-02-06,0.6433723610974493,5,0.02087043441410448,50,0.6530603578238109,0.6154295970873704,0.681140437660328
E1_temporal_persistence,BACKUP:20220207,BACKUP,20220207,2022-02-07,-4.665279234462423,5,0.01807514042433427,50,-4.662887371484127,-4.719750386102871,-4.6083932975475115
E1_temporal_persistence,BACKUP:20220210,BACKUP,20220210,2022-02-10,0.03789125035065011,5,0.014675510134559666,50,0.0429971734016083,0.011571404007773064,0.07344342171291862
E1_temporal_persistence,BACKUP:20220216,BACKUP,20220216,2022-02-16,0.40696696956174583,5,0.01780488294194157,50,0.40783388313502844,0.37417717786564725,0.43998171672270847
E1_temporal_persistence,BACKUP:20220217,BACKUP,20220217,2022-02-17,0.6630284134228968,5,0.020910888611541487,50,0.6673171958031341,0.6443881510435108,0.698452184011622
E1_temporal_persistence,BACKUP:20220221,BACKUP,20220221,2022-02-21,-2.309586857008195,5,0.06906511709755907,50,-2.33363236256886,-2.416561676548634,-2.2497490867942234
E1_temporal_persistence,BACKUP:20220227,BACKUP,20220227,2022-02-27,1.7170513940808094,5,0.016723547674419914,50,1.7155178520370942,1.69160442479759,1.7409758255400702
E1_temporal_persistence,BACKUP:20220302,BACKUP,20220302,2022-03-02,-0.2734737738689011,5,0.03975553344093304,50,-0.2526912199055409,-0.31281099155243747,-0.21083850995696704
E1_temporal_persistence,BACKUP:20220303,BACKUP,20220303,2022-03-03,-0.9285999224444093,5,0.05774259247512746,50,-0.9595047759148447,-1.0072999991950307,-0.8850379874128963
E1_temporal_persistence,BACKUP:20220305,BACKUP,20220305,2022-03-05,-4.9681895294289955,5,0.016192448515814736,50,-4.959869638991039,-5.02437736345843,-4.90838084603186
E1_temporal_persistence,BACKUP:20220310,BACKUP,20220310,2022-03-10,2.262511469971686,5,0.005744723983354836,50,2.2659648249948012,2.240874562330962,2.283003252391824
E1_temporal_persistence,BACKUP:20220312,BACKUP,20220312,2022-03-12,0.577112552371891,5,0.06492122755668742,50,0.5706058825530027,0.48036786786443847,0.6456292799540608
E1_temporal_persistence,BACKUP:20220313,BACKUP,20220313,2022-03-13,0.3544433250904846,5,0.00980285043303601,50,0.3493406827461757,0.321782186721342,0.36899917455606884
E1_temporal_persistence,BACKUP:20220315,BACKUP,20220315,2022-03-15,-2.047611451217068,5,0.009379460529016705,50,-2.0508232540158717,-2.0738920385781277,-2.021816588153583
E1_temporal_persistence,BACKUP:20220316,BACKUP,20220316,2022-03-16,-0.41821443341356823,5,0.009372542790825915,50,-0.4173464006360654,-0.4344309305377882,-0.3953185765613322
E1_temporal_persistence,BACKUP:20220317,BACKUP,20220317,2022-03-17,0.004487065150457825,5,0.11738465084601114,50,-0.002457582980302686,-0.13647667665983856,0.1269743255450425
E1_temporal_persistence,BACKUP:20220318,BACKUP,20220318,2022-03-18,-0.6677737590365316,5,0.009850657739908111,50,-0.6669886158656722,-0.6997805315543453,-0.6374697425188406
E1_temporal_persistence,BACKUP:20220319,BACKUP,20220319,2022-03-19,-0.7009971940436157,5,0.011520148521471384,50,-0.7000519539672128,-0.7210809661079816,-0.6739605594440101
E1_temporal_persistence,BACKUP:20220325,BACKUP,20220325,2022-03-25,3.1696290383581434,5,0.008762122162415946,50,3.165657382326586,3.144836349272129,3.19650172482456
E1_temporal_persistence,BACKUP:20220331,BACKUP,20220331,2022-03-31,-10.260584465301516,5,0.02771575089441209,50,-10.258084917522188,-10.325079165029738,-10.189105528294816
E1_temporal_persistence,BACKUP:20220409,BACKUP,20220409,2022-04-09,0.8243357069384667,5,0.016038509712933986,50,0.8310514438777953,0.7999281500948303,0.8840980672357182
E1_temporal_persistence,BACKUP:20220412,BACKUP,20220412,2022-04-12,-0.5666585665749052,5,0.015049077989244456,50,-0.5671180738231314,-0.5893938797776166,-0.5426435250367937
E1_temporal_persistence,BACKUP:20220413,BACKUP,20220413,2022-04-13,0.22295115412195082,5,0.08290133353273248,50,0.2102733038011071,0.0842195835678424,0.3095454949890343
E1_temporal_persistence,BACKUP:20220416,BACKUP,20220416,2022-04-16,-1.149540163288825,5,0.010678792333409947,50,-1.1389133415290513,-1.192772256830598,-1.1042351845311213
E1_temporal_persistence,BACKUP:20220417,BACKUP,20220417,2022-04-17,-0.1459372763672197,5,0.01490701663871739,50,-0.14431545838310356,-0.17316501383784677,-0.11378080785235033
E1_temporal_persistence,BACKUP:20220418,BACKUP,20220418,2022-04-18,-1.680256517780912,5,0.009449729573391377,50,-1.6793574185479394,-1.7096190819801047,-1.6563646124935252
E1_temporal_persistence,BACKUP:20220422,BACKUP,20220422,2022-04-22,1.2523099267850941,5,0.022577493510213414,50,1.2504565181667688,1.2232055455214668,1.282986079021914
E1_temporal_persistence,BACKUP:20220423,BACKUP,20220423,2022-04-23,0.11831349350989961,5,0.030092603330481825,50,0.11038390241953067,0.07405642032213851,0.13741838548862603
E1_temporal_persistence,BACKUP:20220426,BACKUP,20220426,2022-04-26,0.851523306216596,5,0.01974538912105861,50,0.8434548150917858,0.8206967102251362,0.8683748762626137
E1_temporal_persistence,BACKUP:20220429,BACKUP,20220429,2022-04-29,-0.45738954110053526,5,0.022881123128081517,50,-0.473974453290817,-0.5255156167092309,-0.40377877396177064
E1_temporal_persistence,BACKUP:20220430,BACKUP,20220430,2022-04-30,-1.8765125599863,5,0.03345310249193792,50,-1.862486068351148,-1.9242915363615185,-1.7890921724648474
E1_temporal_persistence,BACKUP:20220502,BACKUP,20220502,2022-05-02,1.5509622219668775,5,0.02526906105311476,50,1.5360427598506576,1.4568142350929136,1.6598731703992293
E1_temporal_persistence,BACKUP:20220503,BACKUP,20220503,2022-05-03,-0.25477174045969214,5,0.020716272806768066,50,-0.26143333657361795,-0.28636833270864714,-0.21857660869622364
E1_temporal_persistence,BACKUP:20220504,BACKUP,20220504,2022-05-04,1.8078041538434595,5,0.05171212825830532,50,1.7990307194853536,1.6888935435873287,1.9268183010639512
E1_temporal_persistence,BACKUP:20220505,BACKUP,20220505,2022-05-05,1.2083445097400194,5,0.019060059351504906,50,1.203776391416055,1.1585778551497108,1.2546573406483432
E1_temporal_persistence,BACKUP:20220506,BACKUP,20220506,2022-05-06,2.089742991416432,5,0.04972155914278541,50,2.099428797518575,2.005761831087105,2.207090151875389
E1_temporal_persistence,BACKUP:20220507,BACKUP,20220507,2022-05-07,-0.44040067907897945,5,0.047857066530312894,50,-0.4317819968024151,-0.5399464783440214,-0.33207171106873173
E1_temporal_persistence,BACKUP:20220509,BACKUP,20220509,2022-05-09,-0.4661603935018115,5,0.031181597611272774,50,-0.44609106222952205,-0.4972880380529686,-0.39658956403682094
E1_temporal_persistence,BACKUP:20220510,BACKUP,20220510,2022-05-10,-0.07756668646681325,5,0.013075361177231458,50,-0.0619753935334548,-0.0913396124325001,-0.03490709890218428
E1_temporal_persistence,BACKUP:20220511,BACKUP,20220511,2022-05-11,-1.0039075034293758,5,0.01407930605160784,50,-1.0014177658390073,-1.0265525038054752,-0.9716388663533941
E1_temporal_persistence,BACKUP:20220513,BACKUP,20220513,2022-05-13,-0.8269039848948654,5,0.01677591670746841,50,-0.8255040654407229,-0.8601502422375573,-0.8030775872467257
E1_temporal_persistence,BACKUP:20220514,BACKUP,20220514,2022-05-14,-0.7771608844861302,5,0.0214561677487305,50,-0.7683178991813338,-0.8038561059080295,-0.738927465402479
E1_temporal_persistence,BACKUP:20220515,BACKUP,20220515,2022-05-15,-1.2652279739378773,5,0.019457357696078526,50,-1.2680559733238543,-1.300739636359936,-1.2464477405106238
E1_temporal_persistence,BACKUP:20220516,BACKUP,20220516,2022-05-16,1.9304243591027976,5,0.01907070940047857,50,1.9531930076100745,1.8135898262280026,2.063847621134424
E1_temporal_persistence,BACKUP:20220518,BACKUP,20220518,2022-05-18,2.4895175937446004,5,0.040881107775603255,50,2.500113993085355,2.4372670991721614,2.5831872115773775
E1_temporal_persistence,BACKUP:20220522,BACKUP,20220522,2022-05-22,0.1649306680218567,5,0.03895151604546438,50,0.15944420158080125,0.07876900687572981,0.26064833642013147
E1_temporal_persistence,BACKUP:20220523,BACKUP,20220523,2022-05-23,0.3290092754662704,5,0.03011875795253297,50,0.3267916369895389,0.25783221648938087,0.400139831024711
E1_temporal_persistence,BACKUP:20220524,BACKUP,20220524,2022-05-24,1.3906195507666326,5,0.026196302199490092,50,1.3760839238869578,1.2871021968391299,1.4444527615331975
E1_temporal_persistence,BACKUP:20220525,BACKUP,20220525,2022-05-25,1.0651653922737396,5,0.017287928101115416,50,1.05879470302838,0.9881543456175955,1.1433848080988458
E1_temporal_persistence,BACKUP:20220526,BACKUP,20220526,2022-05-26,-0.5834119258441886,5,0.020704572244470806,50,-0.5835166400581699,-0.6378460642021603,-0.5262961388471639
E1_temporal_persistence,BACKUP:20220527,BACKUP,20220527,2022-05-27,0.3172325655402176,5,0.030354394926678574,50,0.3189936629433807,0.27987446464587395,0.3671777585122013
E1_temporal_persistence,BACKUP:20220528,BACKUP,20220528,2022-05-28,0.11546143679439419,5,0.014896005077446034,50,0.11604288247166444,0.06895545584961314,0.19469304579711846
E1_temporal_persistence,BACKUP:20220529,BACKUP,20220529,2022-05-29,0.3910522052912478,5,0.045940138138473835,50,0.38542958953917483,0.29139188929154736,0.4807574819502913
E1_temporal_persistence,BACKUP:20220530,BACKUP,20220530,2022-05-30,1.6996222127063663,3,0.1943914695608557,49,1.6374689659113768,1.3796560346633004,1.9769807027774657
E1_temporal_persistence,BACKUP:20220601,BACKUP,20220601,2022-06-01,0.13510587135859872,5,0.01919649206489137,50,0.12520616924110706,0.06610863335061715,0.17604599917045569
E1_temporal_persistence,BACKUP:20220603,BACKUP,20220603,2022-06-03,-0.5064713669355732,5,0.3393092392280662,50,-0.616727652823476,-1.1817109037414508,-0.15414597081980314
E1_temporal_persistence,BACKUP:20220604,BACKUP,20220604,2022-06-04,1.9660601843017544,5,0.015348968731435755,50,1.9645556237397657,1.9188310239834863,2.0390193938718064
E1_temporal_persistence,BACKUP:20220605,BACKUP,20220605,2022-06-05,0.027597634148071426,5,0.028877848916559874,50,0.020795515998962205,-0.02867793632271788,0.06826112116774044
E1_temporal_persistence,BACKUP:20220607,BACKUP,20220607,2022-06-07,-0.06285601397643648,5,0.02661677121906685,50,-0.07561407053778879,-0.16763584849898303,0.0499276149892711
E1_temporal_persistence,BACKUP:20220608,BACKUP,20220608,2022-06-08,-1.1211309908399263,5,0.06765140117091241,50,-1.0924993834151007,-1.211380110215231,-0.9890940468409314
E1_temporal_persistence,BACKUP:20220609,BACKUP,20220609,2022-06-09,0.3058372177606634,5,0.07831111250857022,50,0.3621218280481289,0.2287795504081122,0.5100129328560359
E1_temporal_persistence,BACKUP:20220610,BACKUP,20220610,2022-06-10,0.37704607811327995,5,0.03975027540769892,50,0.3534564176739925,0.2700314896110679,0.45616586502080364
E1_temporal_persistence,BACKUP:20220611,BACKUP,20220611,2022-06-11,0.0898936336336103,5,0.19320075144581972,50,0.07727820753207056,-0.47120707728381717,0.4124415880928752
E1_temporal_persistence,BACKUP:20220612,BACKUP,20220612,2022-06-12,-0.4338917896668067,5,0.015616214978468494,50,-0.43354794187177875,-0.46453178714138915,-0.3875367973585174
E1_temporal_persistence,BACKUP:20220613,BACKUP,20220613,2022-06-13,0.0012626557247259473,5,0.01878876673643023,50,-0.0010324715858934241,-0.07977633722192419,0.08874097432899034
E1_temporal_persistence,BRIGHT:20210514,BRIGHT,20210514,2021-05-14,0.7606700279267794,5,0.05841787489203732,50,0.7192911669764392,0.635933415850111,0.8030376409506186
E1_temporal_persistence,BRIGHT:20210515,BRIGHT,20210515,2021-05-15,0.40816429470270144,5,0.06380169465799482,50,0.42264567609839376,0.315677695495929,0.5388011030485785
E1_temporal_persistence,BRIGHT:20210516,BRIGHT,20210516,2021-05-16,0.40696208168423437,5,0.047693902626968064,50,0.39856376180517816,0.30005240426794183,0.5065006262247956
E1_temporal_persistence,BRIGHT:20210517,BRIGHT,20210517,2021-05-17,0.48603954720814113,5,0.024266451359635795,50,0.48876808353176104,0.39106608823094596,0.5968968956619164
E1_temporal_persistence,BRIGHT:20210518,BRIGHT,20210518,2021-05-18,-0.37548331408740737,5,0.03774691604180454,50,-0.377111144084553,-0.4508294097242321,-0.29062074037894836
E1_temporal_persistence,BRIGHT:20210519,BRIGHT,20210519,2021-05-19,-0.07868056444979543,5,0.027175859384252255,50,-0.0742395455298829,-0.13949268100189496,-0.0009869642217336624
E1_temporal_persistence,BRIGHT:20210521,BRIGHT,20210521,2021-05-21,-0.06440391375883009,5,0.01614052484179275,50,-0.07371651507840163,-0.1443775589411429,-0.014923851359889018
E1_temporal_persistence,BRIGHT:20210522,BRIGHT,20210522,2021-05-22,-0.4676207171646148,5,0.03472537638841656,50,-0.47798870495717316,-0.5682492833698249,-0.40603413846250297
E1_temporal_persistence,BRIGHT:20210523,BRIGHT,20210523,2021-05-23,-0.6574380389328496,5,0.0360776989733796,50,-0.6327836261781828,-0.7217771041974316,-0.5022171954320587
E1_temporal_persistence,BRIGHT:20210528,BRIGHT,20210528,2021-05-28,0.22336733065806808,5,0.07156930662047443,50,0.20842507290376872,0.10327821490877866,0.3107574795163008
E1_temporal_persistence,BRIGHT:20210530,BRIGHT,20210530,2021-05-30,0.554234844377269,5,0.29192512232759205,50,0.5446546785871285,0.11723352846360294,1.0088550516376065
E1_temporal_persistence,BRIGHT:20210531,BRIGHT,20210531,2021-05-31,0.76467230445055,5,0.039223607927200754,50,0.7841767531746686,0.6614342621866379,0.8756277068402956
E1_temporal_persistence,BRIGHT:20210602,BRIGHT,20210602,2021-06-02,0.5633608742056982,5,0.047182990478416356,50,0.5640824293712559,0.4699488231930028,0.6656904194204303
E1_temporal_persistence,BRIGHT:20210603,BRIGHT,20210603,2021-06-03,0.16343741690527747,5,0.05560727731562733,50,0.17250035261294955,0.07072544159448216,0.26769591770932527
E1_temporal_persistence,BRIGHT:20210604,BRIGHT,20210604,2021-06-04,0.2852080970349314,5,0.03772690223021484,50,0.2642034844850444,0.1738861614950802,0.3791454017018555
E1_temporal_persistence,BRIGHT:20210605,BRIGHT,20210605,2021-06-05,0.2711704960919204,5,0.04332470272697529,50,0.2609745886796948,0.16433619862544072,0.3425191306840653
E1_temporal_persistence,BRIGHT:20210606,BRIGHT,20210606,2021-06-06,0.2547588533493016,5,0.055194685169242856,50,0.23187776469506455,0.1294124769752912,0.39581179744233363
E1_temporal_persistence,BRIGHT:20210607,BRIGHT,20210607,2021-06-07,1.1180304209241956,5,0.06382809057363424,50,1.083265486533865,0.9865432716021014,1.233476696375601
E1_temporal_persistence,BRIGHT:20210608,BRIGHT,20210608,2021-06-08,0.8018597472751852,5,0.03042134588683745,50,0.826306217297678,0.6527264014688299,0.9571585836350521
E1_temporal_persistence,BRIGHT:20210609,BRIGHT,20210609,2021-06-09,0.5947530759975643,5,0.0280074396438264,50,0.5894199680109445,0.5263032674184533,0.6883555430217543
E1_temporal_persistence,BRIGHT:20210610,BRIGHT,20210610,2021-06-10,-0.1662150762185371,5,0.04890526853363838,50,-0.17193010508535944,-0.26147548685159466,-0.04415855932466493
E1_temporal_persistence,BRIGHT:20210611,BRIGHT,20210611,2021-06-11,0.848482908334292,5,0.07811011287760654,50,0.8778568342516903,0.6291706782205935,1.0478536467586255
E1_temporal_persistence,BRIGHT:20210612,BRIGHT,20210612,2021-06-12,0.40980152991518426,5,0.08925440349328695,50,0.40475273647601745,0.22311754892442026,0.5533000361337881
E1_temporal_persistence,BRIGHT:20210613,BRIGHT,20210613,2021-06-13,0.011577001028493239,5,0.04704468520073478,50,-0.006955814038254737,-0.14058002971642203,0.07579753683073404
E1_temporal_persistence,BRIGHT:20210614,BRIGHT,20210614,2021-06-14,1.933431177905354,5,0.14968760297105793,50,1.9470645862856026,1.4301114843817966,2.3778430278677005
E1_temporal_persistence,BRIGHT:20210615,BRIGHT,20210615,2021-06-15,-0.005794371812577859,5,0.049028847834586685,50,-0.029980588531674318,-0.13312666953370045,0.0648110261268018
E1_temporal_persistence,BRIGHT:20210616,BRIGHT,20210616,2021-06-16,1.958751685914031,5,0.15838580443822273,50,2.016898044131273,1.5753213266995996,2.4310037897970727
E1_temporal_persistence,BRIGHT:20210617,BRIGHT,20210617,2021-06-17,0.057324746676427785,5,0.048854493962341136,50,0.05581728917860354,0.005814442190374501,0.12277322412953008
E1_temporal_persistence,BRIGHT:20210618,BRIGHT,20210618,2021-06-18,0.03882482175202051,5,0.023649554982462007,50,0.01799453102365209,-0.06789692278426127,0.09426623226005551
E1_temporal_persistence,BRIGHT:20210619,BRIGHT,20210619,2021-06-19,0.10837852192050082,5,0.028523531430721567,50,0.11506037501975204,0.025873670618406064,0.20704882373274508
E1_temporal_persistence,BRIGHT:20210620,BRIGHT,20210620,2021-06-20,-0.2678245551492717,5,0.044155627812005376,50,-0.26959061556312147,-0.36918578273947844,-0.18964831924162517
E1_temporal_persistence,BRIGHT:20210621,BRIGHT,20210621,2021-06-21,1.8457401206370183,5,0.07641909728146634,50,1.8750072915756186,1.7249929200857135,2.0095852531495506
E1_temporal_persistence,BRIGHT:20210626,BRIGHT,20210626,2021-06-26,-0.012365042544250582,5,0.11454312928377001,50,0.04665729880731867,-0.11749271561762975,0.18609944510723572
E1_temporal_persistence,BRIGHT:20210627,BRIGHT,20210627,2021-06-27,0.07628374546999184,5,0.05154840038256342,50,0.07904365865500385,-0.1125468113789003,0.2393589443191059
E1_temporal_persistence,BRIGHT:20210628,BRIGHT,20210628,2021-06-28,0.9288617762792408,5,0.06354513406951676,50,0.8899339104098875,0.7631241607022017,1.0469307817197573
E1_temporal_persistence,BRIGHT:20210705,BRIGHT,20210705,2021-07-05,1.0576961900721829,5,0.11365159535655478,50,1.0602985468752,0.9052554270376344,1.2086791778015662
E1_temporal_persistence,BRIGHT:20210706,BRIGHT,20210706,2021-07-06,1.092264846618539,5,0.042798995194829006,50,1.0886228171534231,0.9471251872458211,1.2356698570019036
E1_temporal_persistence,BRIGHT:20210708,BRIGHT,20210708,2021-07-08,1.5763205643991123,5,0.044813341057290484,50,1.5725787772867377,1.4341878448404604,1.735106973948452
E1_temporal_persistence,BRIGHT:20210709,BRIGHT,20210709,2021-07-09,0.7704710474553603,5,0.08192658225482727,50,0.7910607578416644,0.6584710583573066,0.9409854342941344
E1_temporal_persistence,BRIGHT:20210921,BRIGHT,20210921,2021-09-21,-0.28693970452707424,5,0.03860865925600866,50,-0.3024214897119568,-0.4061803303075434,-0.17150125015490048
E1_temporal_persistence,BRIGHT:20210923,BRIGHT,20210923,2021-09-23,0.027437856803735228,5,0.036494908236196756,50,0.030638940908378515,-0.07053491221168214,0.13351304106981987
E1_temporal_persistence,BRIGHT:20210926,BRIGHT,20210926,2021-09-26,0.75641400599768,5,0.06864063522077853,50,0.780349899822655,0.6505953520368573,0.879651350146094
E1_temporal_persistence,BRIGHT:20210927,BRIGHT,20210927,2021-09-27,0.6847870997780456,5,0.03751949718403282,50,0.6980397497074434,0.6262541255429103,0.7858127009462564
E1_temporal_persistence,BRIGHT:20210928,BRIGHT,20210928,2021-09-28,0.7930152421470822,5,0.0678128794436441,50,0.8344876221399673,0.6982165350415408,0.9377173549174618
E1_temporal_persistence,BRIGHT:20210930,BRIGHT,20210930,2021-09-30,0.37704072704551034,5,0.04373271690055047,50,0.38569092398366983,0.23788669567614829,0.5086050177807092
E1_temporal_persistence,BRIGHT:20211001,BRIGHT,20211001,2021-10-01,1.11248595378743,5,0.0580727134843287,50,1.0711906124344197,0.8579375148316912,1.2194419271352115
E1_temporal_persistence,BRIGHT:20211002,BRIGHT,20211002,2021-10-02,0.8354783903707901,5,0.041092208567264324,50,0.8353576515343832,0.6436027373761258,1.0475171388412996
E1_temporal_persistence,BRIGHT:20211003,BRIGHT,20211003,2021-10-03,0.6024524115799147,5,0.07579512136885103,50,0.598471716194405,0.5091361653476391,0.7772548610361941
E1_temporal_persistence,BRIGHT:20211005,BRIGHT,20211005,2021-10-05,0.5809758195665444,5,0.048035354098758934,50,0.53228041910788,0.39813688013551884,0.7569478870864
E1_temporal_persistence,BRIGHT:20211006,BRIGHT,20211006,2021-10-06,1.2729352504107143,5,0.07182578085247704,50,1.2954245149915413,1.1312016749646319,1.4778999746524433
E1_temporal_persistence,BRIGHT:20211009,BRIGHT,20211009,2021-10-09,1.0010506285376024,5,0.03618451339499538,50,0.9833427006455919,0.9157856013590691,1.0768077869236539
E1_temporal_persistence,BRIGHT:20211014,BRIGHT,20211014,2021-10-14,-0.24440524970684085,5,0.04966906498659238,50,-0.2578184350584749,-0.37995109240911623,-0.1410687285937396
E1_temporal_persistence,BRIGHT:20211015,BRIGHT,20211015,2021-10-15,0.5329155415393233,5,0.0170062601814776,50,0.5508215161945529,0.45414132313240746,0.6306229720795669
E1_temporal_persistence,BRIGHT:20211016,BRIGHT,20211016,2021-10-16,-0.6657041065484797,5,0.04450924494083745,50,-0.6553150664009948,-0.736533106632331,-0.5814268300139693
E1_temporal_persistence,BRIGHT:20211019,BRIGHT,20211019,2021-10-19,-0.8243724059104447,5,0.027605241437209996,50,-0.8557432808483052,-0.9296401078929845,-0.7282870298836426
E1_temporal_persistence,BRIGHT:20211020,BRIGHT,20211020,2021-10-20,-0.4859497804307467,5,0.07116274759405532,50,-0.4939823697748653,-0.5693254845485454,-0.3803680823980566
E1_temporal_persistence,BRIGHT:20211021,BRIGHT,20211021,2021-10-21,-0.42952757266017555,5,0.02583572363207418,50,-0.41956763812047426,-0.46904089495663664,-0.3552157834340234
E1_temporal_persistence,BRIGHT:20211022,BRIGHT,20211022,2021-10-22,-0.29280967772959615,5,0.02000648473813105,50,-0.2869866863959723,-0.3958830412858807,-0.23207181695246626
E1_temporal_persistence,BRIGHT:20211023,BRIGHT,20211023,2021-10-23,-0.40514077813172295,5,0.036661088416399874,50,-0.41971983069912105,-0.4849802797889521,-0.3335681516074079
E1_temporal_persistence,BRIGHT:20211024,BRIGHT,20211024,2021-10-24,-0.35929790809934287,5,0.08202295680739884,50,-0.37802616389052723,-0.5912212366636095,-0.23628672261429712
E1_temporal_persistence,BRIGHT:20211026,BRIGHT,20211026,2021-10-26,0.7757659599008655,5,0.03461825276300613,50,0.776378262473191,0.6969377277019487,0.8697705745653268
E1_temporal_persistence,BRIGHT:20211029,BRIGHT,20211029,2021-10-29,-0.7503102504932777,5,0.029307732938228675,50,-0.7607237163389355,-0.839015611647424,-0.6512575141479167
E1_temporal_persistence,BRIGHT:20211031,BRIGHT,20211031,2021-10-31,-2.231364525287365,5,0.06042712441780793,50,-2.2474578172087623,-2.388309084531668,-2.075990305984107
E1_temporal_persistence,BRIGHT:20211101,BRIGHT,20211101,2021-11-01,1.0115667098222139,5,0.04503002950569986,50,1.0091459321712755,0.8326066306513322,1.1901896152264768
E1_temporal_persistence,BRIGHT:20211103,BRIGHT,20211103,2021-11-03,-2.6072560590693645,5,0.06937678538908745,50,-2.603123401651672,-2.768709675204573,-2.4939034105466917
E1_temporal_persistence,BRIGHT:20211105,BRIGHT,20211105,2021-11-05,-1.0205972533617034,5,0.04966788276479146,50,-1.0219956614061556,-1.1802738722655908,-0.9083827797954797
E1_temporal_persistence,BRIGHT:20211106,BRIGHT,20211106,2021-11-06,0.8030238964707894,5,0.05635574268545564,50,0.8117469897403177,0.6951363732320164,0.9397093076383007
E1_temporal_persistence,BRIGHT:20211107,BRIGHT,20211107,2021-11-07,-0.7006913580618002,5,0.056375740691661985,50,-0.719571147105626,-0.8410147085978298,-0.6388612727975622
E1_temporal_persistence,BRIGHT:20211110,BRIGHT,20211110,2021-11-10,-0.12045856332593285,5,0.07294604036286258,50,-0.11284809972974705,-0.2712060616531865,0.09734025192282414
E1_temporal_persistence,BRIGHT:20211111,BRIGHT,20211111,2021-11-11,0.9908402288955037,5,0.06080498681915815,50,0.9896347603182096,0.8766668907854601,1.073647820183764
E1_temporal_persistence,BRIGHT:20211112,BRIGHT,20211112,2021-11-12,-0.09824778045046301,5,0.07037159314877534,50,-0.05661341563618591,-0.15808053017361678,0.11227179645567686
E1_temporal_persistence,BRIGHT:20211113,BRIGHT,20211113,2021-11-13,-0.7447479811433968,5,0.04853669880287389,50,-0.7172266022331037,-0.8130005071193536,-0.6276217950120985
E1_temporal_persistence,BRIGHT:20211114,BRIGHT,20211114,2021-11-14,-0.3274223977753788,5,0.03671955680209282,50,-0.334091141776512,-0.4003995696363942,-0.2731613882882744
E1_temporal_persistence,BRIGHT:20211115,BRIGHT,20211115,2021-11-15,-0.77498723142294,5,0.02432172092457408,50,-0.760170211942835,-0.8318973841334919,-0.7242381272887195
E1_temporal_persistence,BRIGHT:20211116,BRIGHT,20211116,2021-11-16,-0.36420194665677397,5,0.02244881651154863,50,-0.35183467924262546,-0.4096037486617314,-0.2843660452529346
E1_temporal_persistence,BRIGHT:20211117,BRIGHT,20211117,2021-11-17,-0.523845962875241,5,0.017008740981097826,50,-0.5220429512476048,-0.5791354164643129,-0.46569647548227333
E1_temporal_persistence,BRIGHT:20211118,BRIGHT,20211118,2021-11-18,-0.9496183950834787,5,0.028802027688120107,50,-0.9452822106040755,-0.9977498406648407,-0.8419803720092044
E1_temporal_persistence,BRIGHT:20211119,BRIGHT,20211119,2021-11-19,-0.7048335961444914,5,0.05284343786546757,50,-0.7101388375478235,-0.7545430294012143,-0.6441472253905377
E1_temporal_persistence,BRIGHT:20211120,BRIGHT,20211120,2021-11-20,0.6927946421202166,5,0.08104698858797237,50,0.7138680087374321,0.6215417614487924,0.8152454763094398
E1_temporal_persistence,BRIGHT:20211122,BRIGHT,20211122,2021-11-22,-0.11995360345598421,5,0.04834254447890781,50,-0.13262883664061664,-0.2792214746311405,-0.02961762880743582
E1_temporal_persistence,BRIGHT:20211125,BRIGHT,20211125,2021-11-25,0.26300162568804963,5,0.02917786608097177,50,0.2574427538536511,0.19466722755092775,0.3195214210714789
E1_temporal_persistence,BRIGHT:20211126,BRIGHT,20211126,2021-11-26,-0.329389638295184,5,0.0652769620464732,50,-0.34757012406607646,-0.470023077560505,-0.25710649437944877
E1_temporal_persistence,BRIGHT:20211127,BRIGHT,20211127,2021-11-27,0.34423476382810625,5,0.05336099850338103,50,0.3552655181877856,0.257188493309733,0.4777906978489172
E1_temporal_persistence,BRIGHT:20211128,BRIGHT,20211128,2021-11-28,-0.4683172569219916,5,0.0820410842902311,50,-0.4748774442854844,-0.5844975192912605,-0.35523109302317507
E1_temporal_persistence,BRIGHT:20211129,BRIGHT,20211129,2021-11-29,-0.7916878979215173,5,0.03205064123883447,50,-0.8054766410488715,-0.922550279379606,-0.6816301254461057
E1_temporal_persistence,BRIGHT:20211130,BRIGHT,20211130,2021-11-30,-1.13107425053196,5,0.04812761924906794,50,-1.1405861423044816,-1.3280907390079917,-0.9082277470960005
E1_temporal_persistence,BRIGHT:20211201,BRIGHT,20211201,2021-12-01,0.2751919731038282,5,0.06857902968176081,50,0.3151902998344127,0.2089991738137476,0.41611578031691443
E1_temporal_persistence,BRIGHT:20211202,BRIGHT,20211202,2021-12-02,-0.7367005507007489,5,0.15319308291129477,50,-0.8291730107461988,-1.0186684338686989,-0.5172096971908484
E1_temporal_persistence,BRIGHT:20211203,BRIGHT,20211203,2021-12-03,0.6715435279226893,5,0.04374415007201454,50,0.6737878111338873,0.5890385461561121,0.7298641120994573
E1_temporal_persistence,BRIGHT:20211204,BRIGHT,20211204,2021-12-04,-0.057462740765382714,5,0.17114408420255312,50,-0.11703009654462304,-0.3224836255397776,0.21604929026900663
E1_temporal_persistence,BRIGHT:20211205,BRIGHT,20211205,2021-12-05,-0.6793327336715376,5,0.07068504028119986,50,-0.6712987971311932,-0.8007004200124496,-0.5592173438433196
E1_temporal_persistence,BRIGHT:20211206,BRIGHT,20211206,2021-12-06,0.8032392395420107,5,0.016281554420780546,50,0.8126521479974029,0.7437699212919286,0.897438265680103
E1_temporal_persistence,BRIGHT:20211207,BRIGHT,20211207,2021-12-07,0.6658167468854106,5,0.06659800889646939,50,0.6420788862183235,0.5162871416079491,0.7943413857665639
E1_temporal_persistence,BRIGHT:20211208,BRIGHT,20211208,2021-12-08,-0.20356736366110445,5,0.04470680377174858,50,-0.18814102677783795,-0.30551599542706837,-0.06337979275350734
E1_temporal_persistence,BRIGHT:20211210,BRIGHT,20211210,2021-12-10,0.9313893444152066,5,0.03065820978716483,50,0.9177504891032726,0.823928628381273,1.0252061148112337
E1_temporal_persistence,BRIGHT:20211211,BRIGHT,20211211,2021-12-11,-0.24719691294997787,5,0.0745915127058404,50,-0.22458850433977326,-0.3025578086533161,-0.10130365834003273
E1_temporal_persistence,BRIGHT:20211212,BRIGHT,20211212,2021-12-12,-0.22474766580690736,5,0.044129256009678,50,-0.23023637888990547,-0.3201229042315595,-0.1579763362878222
E1_temporal_persistence,BRIGHT:20211215,BRIGHT,20211215,2021-12-15,-0.2568638020735775,5,0.023992406392855683,50,-0.255300271385378,-0.2977595614589729,-0.1877956750260893
E1_temporal_persistence,BRIGHT:20211216,BRIGHT,20211216,2021-12-16,-0.07862928729392288,5,0.03288660546194945,50,-0.08356093193040309,-0.13756135597453165,-0.038631927802730955
E1_temporal_persistence,BRIGHT:20211217,BRIGHT,20211217,2021-12-17,0.638512204701003,5,0.026860729484146417,50,0.6398746098229169,0.5998798051952282,0.7080273232241533
E1_temporal_persistence,BRIGHT:20211218,BRIGHT,20211218,2021-12-18,-0.5995504560601639,5,0.07635590417952881,50,-0.6419110723465203,-0.7826049941677097,-0.5099470911424443
E1_temporal_persistence,BRIGHT:20211219,BRIGHT,20211219,2021-12-19,0.18115080617489238,5,0.020976150257626017,50,0.1815165734776789,0.1431485045290791,0.22429076134564502
E1_temporal_persistence,BRIGHT:20211220,BRIGHT,20211220,2021-12-20,0.42829051795929807,5,0.024259911886431337,50,0.4431743455344648,0.36698298159147863,0.5072286718785837
E1_temporal_persistence,BRIGHT:20211222,BRIGHT,20211222,2021-12-22,0.3240101113451124,5,0.08494484796802221,50,0.31091629889639266,0.13635221625863,0.48858254304592713
E1_temporal_persistence,BRIGHT:20220101,BRIGHT,20220101,2022-01-01,1.0107268400628289,5,0.053302891141177665,50,1.016529434543515,0.9240062873523995,1.0995613202708459
E1_temporal_persistence,BRIGHT:20220102,BRIGHT,20220102,2022-01-02,-0.28774695110231757,5,0.06927861040361123,50,-0.32689482804903003,-0.5752477689326865,-0.08803244127607382
E1_temporal_persistence,BRIGHT:20220103,BRIGHT,20220103,2022-01-03,0.11766442987277712,5,0.04053305949026442,50,0.12126236889114458,-0.09501672609930947,0.3784235972964149
E1_temporal_persistence,BRIGHT:20220104,BRIGHT,20220104,2022-01-04,0.08467555678856453,5,0.039380005428293716,50,0.08299493097810239,-0.04405523504701358,0.19794140910002805
E1_temporal_persistence,BRIGHT:20220105,BRIGHT,20220105,2022-01-05,1.2475675081872462,5,0.06983659457796305,50,1.2408667286660608,1.1070032500997145,1.4060273508156702
E1_temporal_persistence,BRIGHT:20220106,BRIGHT,20220106,2022-01-06,-0.017679228433733707,5,0.0240937884000064,50,-0.0022066888530971884,-0.07822957230340966,0.06041129442698574
E1_temporal_persistence,BRIGHT:20220107,BRIGHT,20220107,2022-01-07,-0.7137129642497025,5,0.04460870150040999,50,-0.7068612885523526,-0.8157998109359198,-0.5995677220943898
E1_temporal_persistence,BRIGHT:20220108,BRIGHT,20220108,2022-01-08,0.2819038005454887,5,0.060932756068850416,50,0.29459131489836443,0.1755193165592834,0.3850455909733916
E1_temporal_persistence,BRIGHT:20220109,BRIGHT,20220109,2022-01-09,0.49321498247643303,5,0.019072634366106702,50,0.4910770672417823,0.41877300813976825,0.5714490910215657
E1_temporal_persistence,BRIGHT:20220111,BRIGHT,20220111,2022-01-11,0.8890992617128617,5,0.04719425825863366,50,0.887351588381023,0.7908544235248214,0.9702190785024881
E1_temporal_persistence,BRIGHT:20220112,BRIGHT,20220112,2022-01-12,-0.8210663608290536,5,0.030226982005158665,50,-0.8194590557353101,-0.876671995887727,-0.7687707143312674
E1_temporal_persistence,BRIGHT:20220113,BRIGHT,20220113,2022-01-13,-0.12076347774252816,5,0.024337910045248386,50,-0.1146937299673279,-0.16197857345067943,-0.063956463417155
E1_temporal_persistence,BRIGHT:20220114,BRIGHT,20220114,2022-01-14,-0.2036771098944649,5,0.03777855741242941,50,-0.21991285430496407,-0.28328426782002863,-0.16561370668973144
E1_temporal_persistence,BRIGHT:20220119,BRIGHT,20220119,2022-01-19,-0.4184806883302283,5,0.034614688876648744,50,-0.4249296839801607,-0.5036248862679059,-0.3673444926124867
E1_temporal_persistence,BRIGHT:20220120,BRIGHT,20220120,2022-01-20,-0.1027065657268918,5,0.014789150448865172,50,-0.09284385690342464,-0.13126073249594108,-0.0662201862122851
E1_temporal_persistence,BRIGHT:20220121,BRIGHT,20220121,2022-01-21,-0.07437056130950742,5,0.036340293619072296,50,-0.08694522867233176,-0.13003098836836824,-0.02049944442122724
E1_temporal_persistence,BRIGHT:20220122,BRIGHT,20220122,2022-01-22,0.3426464129113626,5,0.23963693915822584,50,0.3523649769008316,0.05614568519641939,0.5849080835385895
E1_temporal_persistence,BRIGHT:20220123,BRIGHT,20220123,2022-01-23,-0.07513221977399354,5,0.043390133438344775,50,-0.07813846221187057,-0.13378228948143567,-0.010842805093909185
E1_temporal_persistence,BRIGHT:20220124,BRIGHT,20220124,2022-01-24,-0.1063262048613261,5,0.05404598689511817,50,-0.11610453793824108,-0.18730739723565806,-0.04577866163138166
E1_temporal_persistence,BRIGHT:20220125,BRIGHT,20220125,2022-01-25,0.3557737920801312,5,0.02592653033321741,50,0.3551389990619815,0.31970446870421476,0.4004012443830296
E1_temporal_persistence,BRIGHT:20220126,BRIGHT,20220126,2022-01-26,0.42516568167410573,5,0.01748883961184278,50,0.4120844680112342,0.3688350238032779,0.4652423868956242
E1_temporal_persistence,BRIGHT:20220127,BRIGHT,20220127,2022-01-27,0.23974736362350907,5,0.02916239571682707,50,0.23980376794916516,0.18821914026866468,0.28969965559633215
E1_temporal_persistence,BRIGHT:20220129,BRIGHT,20220129,2022-01-29,0.32482835868079746,5,0.09264696398786929,50,0.3103174110454581,0.21837834211815946,0.43185529823681845
E1_temporal_persistence,BRIGHT:20220130,BRIGHT,20220130,2022-01-30,0.6486704318141545,5,0.013067664312454992,50,0.6490790538292573,0.5824706117891786,0.7424747816390276
E1_temporal_persistence,BRIGHT:20220131,BRIGHT,20220131,2022-01-31,0.8426921027981151,5,0.029595704217191047,50,0.8445172933898766,0.7842057212388805,0.9051548464103263
E1_temporal_persistence,BRIGHT:20220201,BRIGHT,20220201,2022-02-01,0.23731563017712323,5,0.03833494840287043,50,0.23028119160375585,0.14040768241250026,0.28500208209390043
E1_temporal_persistence,BRIGHT:20220202,BRIGHT,20220202,2022-02-02,0.32530650524443705,5,0.007419544873513322,50,0.32319367803065047,0.2779635947487988,0.3740220692411968
E1_temporal_persistence,BRIGHT:20220203,BRIGHT,20220203,2022-02-03,0.6073210359911279,5,0.03141584770805859,50,0.6161364078545913,0.5670069813015983,0.6783834648437599
E1_temporal_persistence,BRIGHT:20220204,BRIGHT,20220204,2022-02-04,-0.7342337002305379,5,0.028386779707707203,50,-0.7271563365090745,-0.8205130296897332,-0.6590000140989282
E1_temporal_persistence,BRIGHT:20220205,BRIGHT,20220205,2022-02-05,-0.33291097656417973,5,0.018318413503622514,50,-0.3575207714630883,-0.4853339332563978,-0.24598722118596517
E1_temporal_persistence,BRIGHT:20220206,BRIGHT,20220206,2022-02-06,1.0541238352519942,5,0.01834425717708534,50,1.0443043013579865,0.9943843096245014,1.088269239398466
E1_temporal_persistence,BRIGHT:20220207,BRIGHT,20220207,2022-02-07,0.20676883621653352,5,0.029058717453384477,50,0.21532060364398964,0.15354331647618605,0.26922589636003763
E1_temporal_persistence,BRIGHT:20220208,BRIGHT,20220208,2022-02-08,-0.12784799539939318,5,0.010597009742800822,50,-0.11858506852726214,-0.20481266059176448,-0.07082865939774619
E1_temporal_persistence,BRIGHT:20220209,BRIGHT,20220209,2022-02-09,-0.19511884704782906,5,0.02897276394786463,50,-0.18609275999391658,-0.2705528513633005,-0.1043265591707442
E1_temporal_persistence,BRIGHT:20220210,BRIGHT,20220210,2022-02-10,-0.7908706901123168,5,0.021587214890076797,50,-0.7915820266236456,-0.8505989527781445,-0.7158799137864458
E1_temporal_persistence,BRIGHT:20220211,BRIGHT,20220211,2022-02-11,-0.6933588872143818,5,0.022515963273329255,50,-0.6914190205071348,-0.7468386229658162,-0.6306978034737953
E1_temporal_persistence,BRIGHT:20220212,BRIGHT,20220212,2022-02-12,-0.6151587047654004,5,0.02674374499659246,50,-0.6068080620935014,-0.6363667674923923,-0.5729925045042061
E1_temporal_persistence,BRIGHT:20220213,BRIGHT,20220213,2022-02-13,-0.8936361479262396,5,0.0268215880587252,50,-0.9020258460582593,-0.9351992346367892,-0.8517347735564924
E1_temporal_persistence,BRIGHT:20220217,BRIGHT,20220217,2022-02-17,-0.20017410499102123,5,0.035430264025527236,50,-0.19896554009551243,-0.24497423310066976,-0.14528497137071852
E1_temporal_persistence,BRIGHT:20220218,BRIGHT,20220218,2022-02-18,-0.7898208767289707,5,0.019273116747778974,50,-0.7796911622014895,-0.8202246869334675,-0.7449680335960088
E1_temporal_persistence,BRIGHT:20220219,BRIGHT,20220219,2022-02-19,-0.9132503781793007,5,0.03871653237315755,50,-0.8745333524603316,-0.9632601871874228,-0.8314602483502886
E1_temporal_persistence,BRIGHT:20220220,BRIGHT,20220220,2022-02-20,-1.1275081488797776,5,0.06855289233354843,50,-1.131373448971741,-1.220587532817633,-1.0273814927529858
E1_temporal_persistence,BRIGHT:20220221,BRIGHT,20220221,2022-02-21,-0.08520087758903883,5,0.013237951684128753,50,-0.08019378365350921,-0.12236276718122396,-0.02767045511948126
E1_temporal_persistence,BRIGHT:20220225,BRIGHT,20220225,2022-02-25,0.17922954527844626,5,0.040755228890968595,50,0.1851902020714043,0.12170044109793568,0.25013221809907576
E1_temporal_persistence,BRIGHT:20220226,BRIGHT,20220226,2022-02-26,-1.0381758400142038,5,0.08132390707029052,50,-1.0358052500677806,-1.1783898914503144,-0.8531232324596753
E1_temporal_persistence,BRIGHT:20220227,BRIGHT,20220227,2022-02-27,0.10710558772777756,5,0.006980029919756035,50,0.11022675292512189,0.057874168867727976,0.1764719888021878
E1_temporal_persistence,BRIGHT:20220228,BRIGHT,20220228,2022-02-28,-0.12071900768157301,5,0.046995637971968034,50,-0.11566923065883156,-0.315270733831282,0.04430018498498878
E1_temporal_persistence,BRIGHT:20220301,BRIGHT,20220301,2022-03-01,-1.243417506861514,5,0.05023823640969109,50,-1.2578666095782705,-1.3179954937217047,-1.1945590814264062
E1_temporal_persistence,BRIGHT:20220302,BRIGHT,20220302,2022-03-02,0.01739250399672121,5,0.029649693145179786,50,0.025878064495647335,-0.03953240706649836,0.08160552644358769
E1_temporal_persistence,BRIGHT:20220303,BRIGHT,20220303,2022-03-03,-0.8146938268548347,5,0.03960723971297534,50,-0.828926903156604,-0.9886331243112529,-0.6785804832910124
E1_temporal_persistence,BRIGHT:20220304,BRIGHT,20220304,2022-03-04,0.6059940500157892,5,0.03618192400081343,50,0.6140079880694571,0.5471392830657884,0.6400164837442583
E1_temporal_persistence,BRIGHT:20220305,BRIGHT,20220305,2022-03-05,-0.45788458813564153,5,0.059309360947453024,50,-0.4527074694788548,-0.7181071484081804,-0.33170327336434124
E1_temporal_persistence,BRIGHT:20220306,BRIGHT,20220306,2022-03-06,-0.001296344030422114,5,0.048531189174675166,50,-0.005462064222356289,-0.13850458446742353,0.1059793082102832
E1_temporal_persistence,BRIGHT:20220307,BRIGHT,20220307,2022-03-07,0.3857535602605007,5,0.013085133014416694,50,0.3844608176345814,0.35660539659703133,0.42245073468971156
E1_temporal_persistence,BRIGHT:20220308,BRIGHT,20220308,2022-03-08,-0.8919021780167355,4,0.24949349869705656,50,-0.8825260638718913,-1.5412014771049996,-0.39175807668392637
E1_temporal_persistence,BRIGHT:20220309,BRIGHT,20220309,2022-03-09,-0.981275424795051,5,0.13715653378910983,50,-0.9296753358862672,-1.1389851234341104,-0.7016682651723296
E1_temporal_persistence,BRIGHT:20220310,BRIGHT,20220310,2022-03-10,0.7394315877325419,5,0.033068497232833984,50,0.7530888932328477,0.6682765860112259,0.8652668806824735
E1_temporal_persistence,BRIGHT:20220311,BRIGHT,20220311,2022-03-11,-0.46984010193848375,5,0.021062931238950113,50,-0.47942181107264764,-0.5215197034891194,-0.4355027618881638
E1_temporal_persistence,BRIGHT:20220312,BRIGHT,20220312,2022-03-12,-0.5840138545699631,5,0.03694007169367219,50,-0.5946715917711771,-0.664812568526111,-0.5431025351735441
E1_temporal_persistence,BRIGHT:20220313,BRIGHT,20220313,2022-03-13,-0.5400284153131465,5,0.0175414430241421,50,-0.5414342711251267,-0.5739027878861902,-0.4919204656744837
E1_temporal_persistence,BRIGHT:20220314,BRIGHT,20220314,2022-03-14,-0.6630607497192842,5,0.008940063213437068,50,-0.659149065437069,-0.6988146924938284,-0.631621308558333
E1_temporal_persistence,BRIGHT:20220315,BRIGHT,20220315,2022-03-15,-0.8469446350328128,5,0.03451295517985058,50,-0.8423855715728672,-0.8893071398942877,-0.7831728651378745
E1_temporal_persistence,BRIGHT:20220316,BRIGHT,20220316,2022-03-16,-0.7001338980555021,5,0.07324986709667285,50,-0.7301011124740372,-0.9047939728147883,-0.5315764053860066
E1_temporal_persistence,BRIGHT:20220317,BRIGHT,20220317,2022-03-17,-0.9997703585215658,5,0.03664088846434459,50,-0.994834271642212,-1.0436545691323844,-0.9515814641943345
E1_temporal_persistence,BRIGHT:20220318,BRIGHT,20220318,2022-03-18,-1.0784316848887363,5,0.0389603087481451,50,-1.0630271745275794,-1.165929035668901,-0.9912711375129103
E1_temporal_persistence,BRIGHT:20220319,BRIGHT,20220319,2022-03-19,-0.5015900783262581,5,0.06200554582968673,50,-0.5021362986560531,-0.5906213574526913,-0.4090107984463445
E1_temporal_persistence,BRIGHT:20220321,BRIGHT,20220321,2022-03-21,-0.8372172510627038,5,0.017530299283043265,50,-0.8329160909961801,-0.8685554774623959,-0.7986242407395387
E1_temporal_persistence,BRIGHT:20220322,BRIGHT,20220322,2022-03-22,-0.38537396452558054,5,0.06622706637791964,50,-0.4046556165381673,-0.4724207041524152,-0.33322037372305463
E1_temporal_persistence,BRIGHT:20220323,BRIGHT,20220323,2022-03-23,-0.48656876920970665,5,0.045919733401399244,50,-0.5096114156159521,-0.567499012474548,-0.441980746418605
E1_temporal_persistence,BRIGHT:20220324,BRIGHT,20220324,2022-03-24,-0.8337980212504448,5,0.06144437713529104,50,-0.8206915602816375,-0.9291744369529191,-0.6889424052532279
E1_temporal_persistence,BRIGHT:20220325,BRIGHT,20220325,2022-03-25,-0.5090595090177108,5,0.07833907026596755,50,-0.5515530073696739,-0.7692035081425819,-0.34633470338987826
E1_temporal_persistence,BRIGHT:20220326,BRIGHT,20220326,2022-03-26,-0.9765821112472686,5,0.04977554651951789,50,-0.9665417050375764,-1.080122816731524,-0.856407304160078
E1_temporal_persistence,BRIGHT:20220327,BRIGHT,20220327,2022-03-27,-0.13926361888569022,5,0.05116320415693968,50,-0.15917668092849993,-0.21322198314470583,-0.06287596757176983
E1_temporal_persistence,BRIGHT:20220329,BRIGHT,20220329,2022-03-29,0.24700211817428008,5,0.03081224772730693,50,0.24953073112686103,0.20830811897354368,0.2913343328429258
E1_temporal_persistence,BRIGHT:20220330,BRIGHT,20220330,2022-03-30,-0.5122150681160575,5,0.039137560504590385,50,-0.5076406199400052,-0.6300956357017314,-0.3831786205734723
E1_temporal_persistence,BRIGHT:20220331,BRIGHT,20220331,2022-03-31,0.5474321688485702,5,0.025759913884413437,50,0.5378915508485576,0.42101001322191356,0.6513972295937781
E1_temporal_persistence,BRIGHT:20220401,BRIGHT,20220401,2022-04-01,-1.1650514114877029,5,0.06016994743067783,50,-1.160653316575869,-1.263386047827794,-1.0440116414049618
E1_temporal_persistence,BRIGHT:20220402,BRIGHT,20220402,2022-04-02,0.10564993812974807,5,0.038046192792182326,50,0.11700184563533138,0.061100204399393065,0.19217523913014106
E1_temporal_persistence,BRIGHT:20220403,BRIGHT,20220403,2022-04-03,-0.08907501997319661,5,0.05041064726365748,50,-0.08703300903664171,-0.17928237615122095,0.010294090683181418
E1_temporal_persistence,BRIGHT:20220404,BRIGHT,20220404,2022-04-04,-1.0217638650886964,5,0.13759810776381767,50,-1.00670023064699,-1.2075387801979751,-0.7905458765154654
E1_temporal_persistence,BRIGHT:20220405,BRIGHT,20220405,2022-04-05,0.028922883500186847,5,0.11258041033867851,50,-0.005186102105324081,-0.2293835313053369,0.21213794263165572
E1_temporal_persistence,BRIGHT:20220406,BRIGHT,20220406,2022-04-06,-0.053294706990964114,5,0.14127523333109246,50,-0.08896473694752546,-0.3138015298149879,0.10014799969471203
E1_temporal_persistence,BRIGHT:20220407,BRIGHT,20220407,2022-04-07,-0.18794936077147617,5,0.026494213423053335,50,-0.18755961140070143,-0.23191873642609717,-0.14745719143941255
E1_temporal_persistence,BRIGHT:20220408,BRIGHT,20220408,2022-04-08,-0.9934375855611353,5,0.026532725347577734,50,-0.9904590324179501,-1.082989975676925,-0.8940019517282853
E1_temporal_persistence,BRIGHT:20220409,BRIGHT,20220409,2022-04-09,-1.2783508520129303,5,0.03842963448585337,50,-1.26721369109162,-1.3575770680730916,-1.1964385937558726
E1_temporal_persistence,BRIGHT:20220413,BRIGHT,20220413,2022-04-13,-0.654381414397744,5,0.032264193180889814,50,-0.6427988805751826,-0.6957349811885081,-0.5811673689838608
E1_temporal_persistence,BRIGHT:20220414,BRIGHT,20220414,2022-04-14,-1.0881627979568846,5,0.012693247734352755,50,-1.0835838408786718,-1.1113278831252495,-1.0538364836882246
E1_temporal_persistence,BRIGHT:20220416,BRIGHT,20220416,2022-04-16,-0.9464433448451454,5,0.024099798546255893,50,-0.9373040903686566,-0.9766571399180869,-0.9038527823275115
E1_temporal_persistence,BRIGHT:20220417,BRIGHT,20220417,2022-04-17,-1.1573984519991967,5,0.038265921756924996,50,-1.159534688665664,-1.2152481901995378,-1.1074027436411866
E1_temporal_persistence,BRIGHT:20220418,BRIGHT,20220418,2022-04-18,-0.708042159167056,5,0.021243100836343665,50,-0.702181102232526,-0.7471719576794735,-0.648177572586532
E1_temporal_persistence,BRIGHT:20220419,BRIGHT,20220419,2022-04-19,-0.7431080634898165,5,0.039022693508219713,50,-0.7440149378194517,-0.833090868036245,-0.6902924855803354
E1_temporal_persistence,BRIGHT:20220420,BRIGHT,20220420,2022-04-20,-0.7723707667143216,5,0.021671998857205887,50,-0.773287230684474,-0.8151085862909825,-0.6960263028147669
E1_temporal_persistence,BRIGHT:20220421,BRIGHT,20220421,2022-04-21,-0.17877931925652374,5,0.03228519946946289,50,-0.16427780661275926,-0.22127559246327622,-0.11671866705597903
E1_temporal_persistence,BRIGHT:20220422,BRIGHT,20220422,2022-04-22,0.8081159355145111,5,0.022954054793998303,50,0.8185271046704312,0.7524953424286829,0.8758576292235739
E1_temporal_persistence,BRIGHT:20220423,BRIGHT,20220423,2022-04-23,-0.016687556613847687,5,0.011006784498529315,50,-0.0179203556584277,-0.07704660325302888,0.024884343663552366
E1_temporal_persistence,BRIGHT:20220425,BRIGHT,20220425,2022-04-25,-0.23620703662572676,2,0.12345010615738769,46,-0.26474555563623076,-0.6877193682455709,0.17848753575654958
E1_temporal_persistence,BRIGHT:20220426,BRIGHT,20220426,2022-04-26,0.5315074229369575,5,0.00924616424731128,50,0.5311247517568525,0.48418969046428845,0.5775952720210215
E1_temporal_persistence,BRIGHT:20220428,BRIGHT,20220428,2022-04-28,0.15969995926622302,5,0.015074400444956792,50,0.15876914945351905,0.11204099937848175,0.20888087596726154
E1_temporal_persistence,BRIGHT:20220429,BRIGHT,20220429,2022-04-29,-0.5404230606326095,5,0.07067168428208495,50,-0.5269621316129602,-0.6071865152119388,-0.40797634808689237
E1_temporal_persistence,BRIGHT:20220430,BRIGHT,20220430,2022-04-30,0.10264025646638378,5,0.015264160927935005,50,0.11333216994836175,0.061697104597190966,0.14421709272862787
E1_temporal_persistence,BRIGHT:20220501,BRIGHT,20220501,2022-05-01,-0.8984400962589013,5,0.03532878112293463,50,-0.916247586257497,-1.0344603096258849,-0.7972093901790911
E1_temporal_persistence,BRIGHT:20220502,BRIGHT,20220502,2022-05-02,-0.1032871115986635,5,0.04568684070723833,50,-0.06650746499835353,-0.15952222893570453,0.028414552363923002
E1_temporal_persistence,BRIGHT:20220503,BRIGHT,20220503,2022-05-03,0.24240741710406258,5,0.03751085518300909,50,0.22196495519546233,0.15019568592895144,0.3120069243179181
E1_temporal_persistence,BRIGHT:20220504,BRIGHT,20220504,2022-05-04,-0.13178842552124648,5,0.02314827929214018,50,-0.13097424811718766,-0.19175778658594284,-0.0727255762612335
E1_temporal_persistence,BRIGHT:20220505,BRIGHT,20220505,2022-05-05,-0.5305103811258711,5,0.02549884187789908,50,-0.5215463676477301,-0.6068332732966077,-0.4376399358364009
E1_temporal_persistence,BRIGHT:20220506,BRIGHT,20220506,2022-05-06,-0.6108794660293704,5,0.04065446479389056,50,-0.6373541875130364,-0.7750612287786329,-0.5011708321321473
E1_temporal_persistence,BRIGHT:20220507,BRIGHT,20220507,2022-05-07,-0.12933599837504978,5,0.023090095780969697,50,-0.11528809907176354,-0.25161865925941485,-0.05794048037301171
E1_temporal_persistence,BRIGHT:20220508,BRIGHT,20220508,2022-05-08,-0.025423645987043775,5,0.02057281001035998,50,-0.037631441004753075,-0.07763583156124383,0.004530678810503091
E1_temporal_persistence,BRIGHT:20220509,BRIGHT,20220509,2022-05-09,-0.1589275665034272,5,0.021639682613102774,50,-0.16089326615426836,-0.20069517745057333,-0.11032110623666315
E1_temporal_persistence,BRIGHT:20220510,BRIGHT,20220510,2022-05-10,-0.27175001609604915,5,0.013358993922294112,50,-0.27233953213875833,-0.31328918741733874,-0.2312319603024911
E1_temporal_persistence,BRIGHT:20220511,BRIGHT,20220511,2022-05-11,-0.9129289620586445,5,0.010150765719358105,50,-0.9156796124680837,-0.9705109881410386,-0.8576494310568187
E1_temporal_persistence,BRIGHT:20220512,BRIGHT,20220512,2022-05-12,-0.5977257923098862,5,0.013666901518371816,50,-0.5880390545258698,-0.620850377416561,-0.5659440042804021
E1_temporal_persistence,BRIGHT:20220513,BRIGHT,20220513,2022-05-13,-0.775201850011825,5,0.01514990179711114,50,-0.7776753858661166,-0.8459223625176312,-0.7381757251716466
E1_temporal_persistence,BRIGHT:20220514,BRIGHT,20220514,2022-05-14,-0.623647506926855,5,0.02205806683845499,50,-0.6313432739704907,-0.6714534683292279,-0.5900574889731787
E1_temporal_persistence,BRIGHT:20220515,BRIGHT,20220515,2022-05-15,-0.558771146617651,5,0.03607787322384296,50,-0.5667697468902282,-0.6138714796362916,-0.5108695709924793
E1_temporal_persistence,BRIGHT:20220516,BRIGHT,20220516,2022-05-16,-0.39901771241041806,5,0.016440383630856294,50,-0.408414303953899,-0.4495955468473845,-0.36979050757025655
E1_temporal_persistence,BRIGHT:20220518,BRIGHT,20220518,2022-05-18,0.1730308571333807,5,0.014655823424146473,50,0.190943108304877,0.13019544369653277,0.25092359222767935
E1_temporal_persistence,BRIGHT:20220522,BRIGHT,20220522,2022-05-22,0.6677626667780638,5,0.018525737002161646,50,0.657332966274851,0.6189223367987604,0.7098306189782948
E1_temporal_persistence,BRIGHT:20220523,BRIGHT,20220523,2022-05-23,1.1347582072988498,5,0.020448624528007185,50,1.1433241613461995,1.0913846876149025,1.2303671588082459
E1_temporal_persistence,BRIGHT:20220524,BRIGHT,20220524,2022-05-24,0.4966942147754615,5,0.01058364043114656,50,0.48974380947878005,0.43742660584748294,0.5561120577961676
E1_temporal_persistence,BRIGHT:20220525,BRIGHT,20220525,2022-05-25,0.4558669928602769,5,0.06813164792033916,50,0.46341728471412647,0.3028999753321302,0.583522689245712
E1_temporal_persistence,BRIGHT:20220526,BRIGHT,20220526,2022-05-26,-0.01040823599396401,5,0.01919529909453817,50,0.003978969610950234,-0.0591656738263527,0.07511053732649947
E1_temporal_persistence,BRIGHT:20220527,BRIGHT,20220527,2022-05-27,2.067665477418524,5,0.02502311720665439,50,2.0661392396815983,1.9570947423607181,2.1754202681710813
E1_temporal_persistence,BRIGHT:20220528,BRIGHT,20220528,2022-05-28,-0.5135764328737578,5,0.041502199993186814,50,-0.5112985883817007,-0.6141473089556769,-0.41219775546429366
E1_temporal_persistence,BRIGHT:20220529,BRIGHT,20220529,2022-05-29,0.9072418772785628,5,0.11741821521719045,50,0.9059358249064382,0.5924740476401491,1.2042125987554364
E1_temporal_persistence,BRIGHT:20220530,BRIGHT,20220530,2022-05-30,0.6441359520158565,5,0.01831163810568598,50,0.6476590944511796,0.5561339416062318,0.7279788825721543
E1_temporal_persistence,BRIGHT:20220531,BRIGHT,20220531,2022-05-31,0.42380821080058684,5,0.09359987700302655,50,0.3783129941245954,0.2428127951269179,0.5797601092361255
E1_temporal_persistence,BRIGHT:20220601,BRIGHT,20220601,2022-06-01,0.1529702515276991,5,0.06206473253874351,50,0.13312406130021176,-0.013765417187358473,0.27951682065612743
E1_temporal_persistence,BRIGHT:20220602,BRIGHT,20220602,2022-06-02,0.12707029175235943,5,0.04514471381450059,50,0.1254695822807858,0.0317152933023859,0.18573298855308906
E1_temporal_persistence,BRIGHT:20220603,BRIGHT,20220603,2022-06-03,1.6036938356465558,5,0.1164747834327216,50,1.5337911888577418,1.3379442850664516,1.9071012241085874
E1_temporal_persistence,BRIGHT:20220604,BRIGHT,20220604,2022-06-04,0.9055956910901941,5,0.033054065585058565,50,0.9155495045805396,0.7551691334697256,1.0332176017260888
E1_temporal_persistence,BRIGHT:20220605,BRIGHT,20220605,2022-06-05,0.18977647925942515,5,0.054181488547797696,50,0.15339262534928733,0.06370780254079766,0.2525059284494911
E1_temporal_persistence,BRIGHT:20220606,BRIGHT,20220606,2022-06-06,-0.08789686413485431,5,0.051970356999916936,50,-0.10435255377236236,-0.2403633075362423,0.04236668878008148
E1_temporal_persistence,BRIGHT:20220607,BRIGHT,20220607,2022-06-07,0.31699348314558046,5,0.010285129121809514,50,0.3141979161917263,0.26157898807681973,0.3572487948710622
E1_temporal_persistence,BRIGHT:20220609,BRIGHT,20220609,2022-06-09,0.7159508757867539,5,0.021502149981390134,50,0.7104749172689558,0.6559829419651202,0.7789155386558648
E1_temporal_persistence,BRIGHT:20220610,BRIGHT,20220610,2022-06-10,1.6872396388901179,5,0.060917217088503825,50,1.7118577826686967,1.4724730641658683,1.9323125345153238
E1_temporal_persistence,BRIGHT:20220611,BRIGHT,20220611,2022-06-11,2.8818542763069637,5,0.022899191077638645,50,2.9016099624417704,2.7848021750449776,2.967702468960136
E1_temporal_persistence,BRIGHT:20220612,BRIGHT,20220612,2022-06-12,1.2631860966048623,5,0.05762929432564415,50,1.285914002844451,1.138407253314978,1.3727998461436588
E1_temporal_persistence,DARK:20210514,DARK,20210514,2021-05-14,-0.03959499190250715,5,0.09009462459319562,50,-0.0430435766162037,-0.27753388144249724,0.11933397785077575
E1_temporal_persistence,DARK:20210515,DARK,20210515,2021-05-15,0.37833855023360696,5,0.07073469218372098,50,0.3470083567417671,0.18725144005577338,0.5407535535033253
E1_temporal_persistence,DARK:20210516,DARK,20210516,2021-05-16,0.3772531353746573,5,0.0854370192159136,50,0.41865966676714755,0.22010372179193444,0.5785091166896867
E1_temporal_persistence,DARK:20210517,DARK,20210517,2021-05-17,0.03559304464305346,5,0.029820645791443712,50,0.016031728708768844,-0.0985187868863234,0.19899411216446272
E1_temporal_persistence,DARK:20210518,DARK,20210518,2021-05-18,-0.7930859494386524,5,0.1742106194364133,50,-0.803776789198235,-1.0004614851851552,-0.5681218566924894
E1_temporal_persistence,DARK:20210519,DARK,20210519,2021-05-19,-0.4079276036871162,5,0.10161345282045718,50,-0.37962986909066765,-0.6252063987282114,-0.1892631284193899
E1_temporal_persistence,DARK:20210528,DARK,20210528,2021-05-28,0.40615914834506195,5,0.10198576512555542,50,0.4174046835006344,0.23660213740809252,0.6702336793589153
E1_temporal_persistence,DARK:20210530,DARK,20210530,2021-05-30,-0.3711110048219194,5,0.06660221340026025,50,-0.3567234082070755,-0.5650690944520342,-0.2259840859850878
E1_temporal_persistence,DARK:20210531,DARK,20210531,2021-05-31,-0.4111898420229717,5,0.08425832268821169,50,-0.39473114069808973,-0.5013819489488056,-0.28554321944386796
E1_temporal_persistence,DARK:20210601,DARK,20210601,2021-06-01,-0.5618262874139761,5,0.1202365192234392,50,-0.5061714827429065,-0.786207873236594,-0.19815634819910227
E1_temporal_persistence,DARK:20210602,DARK,20210602,2021-06-02,0.04249152156606528,5,0.06662538898722381,50,0.038042482278641654,-0.14684284297031344,0.1643548593845145
E1_temporal_persistence,DARK:20210603,DARK,20210603,2021-06-03,-0.3892066305539992,5,0.09304241144854984,50,-0.344896669839312,-0.5024614526012738,-0.1516437369048274
E1_temporal_persistence,DARK:20210604,DARK,20210604,2021-06-04,0.2808603690535064,5,0.06346090233795063,50,0.3188295185664626,0.1942275144110431,0.4541207520182318
E1_temporal_persistence,DARK:20210605,DARK,20210605,2021-06-05,0.34035202949682675,5,0.0411239809576767,50,0.3069958336223359,0.06419668483868594,0.6340846808576441
E1_temporal_persistence,DARK:20210606,DARK,20210606,2021-06-06,0.7086458484658,5,0.05576266644410093,50,0.7298916712380215,0.6027770057646574,0.8976936917539499
E1_temporal_persistence,DARK:20210608,DARK,20210608,2021-06-08,0.47503844818039886,5,0.029314749958890947,50,0.4542398930465639,0.2805446938320578,0.6370664673379449
E1_temporal_persistence,DARK:20210609,DARK,20210609,2021-06-09,0.5604332413945035,5,0.11489112914365028,50,0.5291892268485063,0.29108961364198993,0.757990260621209
E1_temporal_persistence,DARK:20210610,DARK,20210610,2021-06-10,0.5303177677350515,5,0.09635353899504172,50,0.5272096460759679,0.41017543326463357,0.7421586673037521
E1_temporal_persistence,DARK:20210611,DARK,20210611,2021-06-11,0.6578135182497244,5,0.04977182238622474,50,0.6202649174699362,0.41674242423286556,0.7341866603271986
E1_temporal_persistence,DARK:20210612,DARK,20210612,2021-06-12,0.7837675830404871,5,0.08517957976548705,50,0.8215029504745062,0.6882234478955016,0.9979261113116094
E1_temporal_persistence,DARK:20210613,DARK,20210613,2021-06-13,0.42701621777959997,5,0.12554449521781283,50,0.4700169824854103,0.29221433032667155,0.7466744417150905
E1_temporal_persistence,DARK:20210614,DARK,20210614,2021-06-14,0.6248195132290566,5,0.19136857602407978,50,0.7417276182750827,0.3462047768696505,1.1966628061965252
E1_temporal_persistence,DARK:20210616,DARK,20210616,2021-06-16,2.1497568193661714,5,0.14696319950437925,50,2.159014473488047,1.815925189836957,2.505946042391609
E1_temporal_persistence,DARK:20210619,DARK,20210619,2021-06-19,0.5828253588392343,5,0.20603638851493072,50,0.6146586982905883,0.27513603796342156,1.1395819985905233
E1_temporal_persistence,DARK:20210627,DARK,20210627,2021-06-27,0.1800792271344776,2,0.04345151366266257,48,0.1855600096756959,-0.5332101693013568,0.8308525043877624
E1_temporal_persistence,DARK:20210704,DARK,20210704,2021-07-04,0.27557992074994275,5,0.25776031769201474,50,0.16410470799234333,-0.7789438135653864,0.6960508427649104
E1_temporal_persistence,DARK:20210705,DARK,20210705,2021-07-05,0.10727327454611985,2,0.30147373867158916,44,0.139726491976251,-0.1901008078675968,0.7246925640408205
E1_temporal_persistence,DARK:20210708,DARK,20210708,2021-07-08,0.7887233049919973,5,0.1103837319213607,50,0.7966538383930588,0.6228918011246312,1.020021553753686
E1_temporal_persistence,DARK:20210926,DARK,20210926,2021-09-26,0.12318145575266104,5,0.14663397710815584,50,0.07139377494601895,-0.14030582312320683,0.3344956653648613
E1_temporal_persistence,DARK:20210927,DARK,20210927,2021-09-27,-0.6243332286995298,4,0.11247827061762355,50,-0.6920522280395953,-1.2355238890176172,-0.26183658125102777
E1_temporal_persistence,DARK:20210930,DARK,20210930,2021-09-30,0.18529241166693866,5,0.04906946749843016,50,0.1911516336404847,-0.10112068139591246,0.39443840550406384
E1_temporal_persistence,DARK:20211001,DARK,20211001,2021-10-01,0.23679466101125435,5,0.023199254795959398,50,0.2223875559134988,0.1414409229559201,0.3402164699443628
E1_temporal_persistence,DARK:20211002,DARK,20211002,2021-10-02,0.7371658090528714,5,0.05455995412727566,50,0.752027697159339,0.559222580589976,0.8598737353707164
E1_temporal_persistence,DARK:20211003,DARK,20211003,2021-10-03,0.8760319923642301,5,0.09994660484967086,50,0.8887565519570658,0.6930046917007846,1.0561156950448722
E1_temporal_persistence,DARK:20211005,DARK,20211005,2021-10-05,0.7079289651560762,5,0.045243479848948234,50,0.7311728244598723,0.5999058142061396,0.8490734550617772
E1_temporal_persistence,DARK:20211006,DARK,20211006,2021-10-06,0.3634419958872419,5,0.11336935433549768,50,0.39439670474642247,0.2041954998892242,0.5073281854442446
E1_temporal_persistence,DARK:20211007,DARK,20211007,2021-10-07,0.2471269744669714,5,0.11292536827650225,50,0.1725001369741186,-0.009159516199667789,0.3376004519537716
E1_temporal_persistence,DARK:20211008,DARK,20211008,2021-10-08,0.47468199143058976,5,0.0717862007108693,50,0.5004210533709614,0.3663912479890649,0.614434100066443
E1_temporal_persistence,DARK:20211009,DARK,20211009,2021-10-09,0.3621038208100761,5,0.09414290600692417,50,0.367367157765386,0.25024085121388057,0.5075496944329896
E1_temporal_persistence,DARK:20211010,DARK,20211010,2021-10-10,0.7658095025090796,5,0.11429778662316395,50,0.7486279787317638,0.6204974610105763,0.8745223555665348
E1_temporal_persistence,DARK:20211013,DARK,20211013,2021-10-13,0.5013769493103679,5,0.04945704754704534,50,0.5052217327250244,0.36044420837508223,0.6336974209861121
E1_temporal_persistence,DARK:20211014,DARK,20211014,2021-10-14,0.33020360989834374,5,0.09074800679721752,50,0.28834250700884595,-0.0782654182398028,0.4586605153979403
E1_temporal_persistence,DARK:20211016,DARK,20211016,2021-10-16,0.15325425750150923,5,0.036376615840526705,50,0.1390500517769841,-0.013627240769930736,0.32619083647274316
E1_temporal_persistence,DARK:20211023,DARK,20211023,2021-10-23,0.4537886992444115,4,0.5495991631736811,50,0.35463959883388896,-0.5447438965063633,1.2027651394827423
E1_temporal_persistence,DARK:20211024,DARK,20211024,2021-10-24,0.9241890863416664,5,0.07628746872429368,50,0.9075128853217942,0.7001191295247775,1.2710211717056439
E1_temporal_persistence,DARK:20211027,DARK,20211027,2021-10-27,-0.01079611608887776,5,0.08832900915996125,50,-0.018475064448289447,-0.16738023166779595,0.14018258606967232
E1_temporal_persistence,DARK:20211028,DARK,20211028,2021-10-28,-0.29529585071720843,5,0.0985956692618463,50,-0.2987788447766252,-0.4626222878803837,-0.15198668682167982
E1_temporal_persistence,DARK:20211029,DARK,20211029,2021-10-29,0.2491233886635501,5,0.11103926943379873,50,0.27109415160098066,0.05196050875823725,0.463744949218224
E1_temporal_persistence,DARK:20211030,DARK,20211030,2021-10-30,0.7793628430064883,5,0.04773151766296751,50,0.7975286897132243,0.6793369412988497,0.9176610736445102
E1_temporal_persistence,DARK:20211031,DARK,20211031,2021-10-31,0.8229540025185339,5,0.06097543475227713,50,0.8332932469153667,0.6760080664869167,1.0015844686706001
E1_temporal_persistence,DARK:20211101,DARK,20211101,2021-11-01,1.1718937868043415,5,0.039501163806152095,50,1.1617958795869987,1.0555158699888683,1.3070475189942852
E1_temporal_persistence,DARK:20211102,DARK,20211102,2021-11-02,0.8048610567294421,5,0.03777301128870068,50,0.7902343071075975,0.6609982173421854,0.9077051414273511
E1_temporal_persistence,DARK:20211103,DARK,20211103,2021-11-03,0.3493201515413983,5,0.038351592170813124,50,0.3807522442682922,0.25692826982774764,0.48050601648712515
E1_temporal_persistence,DARK:20211104,DARK,20211104,2021-11-04,0.6844442936428888,5,0.07923399793227641,50,0.6735460529833749,0.5195310559683048,0.8179030431114067
E1_temporal_persistence,DARK:20211105,DARK,20211105,2021-11-05,0.37903276871499725,5,0.043035275993241584,50,0.3518313067885013,0.2590391582403886,0.4337036051509047
E1_temporal_persistence,DARK:20211106,DARK,20211106,2021-11-06,0.44567384405251986,5,0.0589580814335669,50,0.44570246024875687,0.3565416129950794,0.561304083843842
E1_temporal_persistence,DARK:20211107,DARK,20211107,2021-11-07,0.8899680160260619,5,0.04943923871206985,50,0.9004968558782063,0.7354483346422266,1.0260305947174386
E1_temporal_persistence,DARK:20211108,DARK,20211108,2021-11-08,0.48201472547545876,5,0.059073578647607386,50,0.46951491286846225,0.36285486238153997,0.5677014158557734
E1_temporal_persistence,DARK:20211109,DARK,20211109,2021-11-09,0.3387990871100608,5,0.051470498281303526,50,0.3270743337812994,0.2234196724188575,0.4484427100989188
E1_temporal_persistence,DARK:20211110,DARK,20211110,2021-11-10,0.3181753897757901,5,0.041643915438453694,50,0.28993283767943595,0.1990556302893463,0.4057267990960095
E1_temporal_persistence,DARK:20211111,DARK,20211111,2021-11-11,0.5007729442103622,5,0.038840144111515734,50,0.5104215016210643,0.347798618046547,0.7393448896305823
E1_temporal_persistence,DARK:20211112,DARK,20211112,2021-11-12,0.12000433604471894,5,0.020882714020967037,50,0.11155642600915444,-0.05912335969370199,0.2509157911455229
E1_temporal_persistence,DARK:20211113,DARK,20211113,2021-11-13,0.16199276851700684,5,0.03895964421877066,50,0.1591970272731344,0.07251689430921258,0.26333287895915825
E1_temporal_persistence,DARK:20211114,DARK,20211114,2021-11-14,-0.012631409262466198,5,0.12246276181314202,50,-0.004375482114482021,-0.2017212683481344,0.11995710667068013
E1_temporal_persistence,DARK:20211116,DARK,20211116,2021-11-16,-0.7173669347033518,5,0.17225842199521857,50,-0.6678110692335494,-0.9578056538226245,-0.244015857813722
E1_temporal_persistence,DARK:20211126,DARK,20211126,2021-11-26,-0.15967367309981373,5,0.09358541090612608,50,-0.1399754177945883,-0.28921711586358423,0.0002134404051150965
E1_temporal_persistence,DARK:20211127,DARK,20211127,2021-11-27,0.30154862611333355,5,0.06729350890101198,50,0.2777337283891899,0.17619784428991886,0.34521351776158704
E1_temporal_persistence,DARK:20211128,DARK,20211128,2021-11-28,-0.09091146771354064,5,0.05623311854191518,50,-0.0744510843912124,-0.23699888407867334,0.07785165728918209
E1_temporal_persistence,DARK:20211129,DARK,20211129,2021-11-29,0.5637826859287824,5,0.04394106875066008,50,0.5611517787946128,0.44251438949561983,0.6525426607853204
E1_temporal_persistence,DARK:20211130,DARK,20211130,2021-11-30,0.5142376440878806,5,0.029902249704029875,50,0.5335224774479959,0.38903962526597374,0.621054914385898
E1_temporal_persistence,DARK:20211201,DARK,20211201,2021-12-01,0.3832011569606264,5,0.04439012585387718,50,0.39796522873441853,0.3207263907472234,0.5030853931310272
E1_temporal_persistence,DARK:20211202,DARK,20211202,2021-12-02,0.7264222442746529,5,0.057818163311201966,50,0.7017423191712079,0.5889451941742819,0.8181422000944927
E1_temporal_persistence,DARK:20211203,DARK,20211203,2021-12-03,0.2523461055430405,5,0.11336571711413983,50,0.2279740520406489,0.03982118996835504,0.41812807595594254
E1_temporal_persistence,DARK:20211204,DARK,20211204,2021-12-04,0.6812019413747773,5,0.06431253334541065,50,0.6703168888922688,0.5735526066732843,0.7490953930608447
E1_temporal_persistence,DARK:20211205,DARK,20211205,2021-12-05,0.35046071542491086,5,0.02132305709911131,50,0.33864288194839326,0.2109398917747004,0.4560975976971023
E1_temporal_persistence,DARK:20211207,DARK,20211207,2021-12-07,0.6003709905263581,5,0.13433463178061641,50,0.5270794674464699,0.32575849910077903,0.7573214775711912
E1_temporal_persistence,DARK:20211208,DARK,20211208,2021-12-08,0.2612740888935603,5,0.10489249980534275,50,0.29326463824533594,0.15133583436847825,0.3992814159822117
E1_temporal_persistence,DARK:20211210,DARK,20211210,2021-12-10,0.7985460267609464,5,0.09523300893930285,50,0.8101618063807727,0.6374214734380809,1.0418438885238674
E1_temporal_persistence,DARK:20211211,DARK,20211211,2021-12-11,0.04830568743317254,5,0.07678361669640876,50,0.026819113992275434,-0.0873347403897018,0.11513018258508526
E1_temporal_persistence,DARK:20211212,DARK,20211212,2021-12-12,0.717670265708882,5,0.06542050060894497,50,0.7216983997020825,0.5839173045064351,0.8523509672958729
E1_temporal_persistence,DARK:20211215,DARK,20211215,2021-12-15,-0.10998366740356846,5,0.08749505409893223,50,-0.08450328763733733,-0.23702821514147127,0.06498716801374091
E1_temporal_persistence,DARK:20220101,DARK,20220101,2022-01-01,0.46098901200096587,5,0.05559483237608904,50,0.4331869394259109,0.26403473788839665,0.5283002523429545
E1_temporal_persistence,DARK:20220102,DARK,20220102,2022-01-02,0.0026192474790303066,5,0.05446202068152918,50,0.014296698184429024,-0.07624687672429356,0.09926782607115697
E1_temporal_persistence,DARK:20220103,DARK,20220103,2022-01-03,0.3031912695464326,5,0.023330112980672637,50,0.2942322559855286,0.20950982275313615,0.3836819762128615
E1_temporal_persistence,DARK:20220104,DARK,20220104,2022-01-04,0.20102940500497413,5,0.07756892811348147,50,0.2491225970900402,0.1146833363959852,0.32071013722179853
E1_temporal_persistence,DARK:20220105,DARK,20220105,2022-01-05,0.5943306379328195,5,0.028690345859576093,50,0.6076700127558884,0.4451608672845924,0.7283429755456916
E1_temporal_persistence,DARK:20220106,DARK,20220106,2022-01-06,0.07015931312437029,5,0.07349190741826112,50,0.08689935646314673,-0.0015899330866264072,0.17394995936341753
E1_temporal_persistence,DARK:20220107,DARK,20220107,2022-01-07,0.17012423887781525,5,0.07868797359377412,50,0.2186293008127962,0.01847923601331667,0.3776958688871756
E1_temporal_persistence,DARK:20220109,DARK,20220109,2022-01-09,0.06075028923019676,5,0.086232442967951,50,0.06356335216452036,-0.10074019667891686,0.1972850046228073
E1_temporal_persistence,DARK:20220112,DARK,20220112,2022-01-12,0.15497446505190826,5,0.11168218858091547,50,0.1516988643103817,-0.12596590807412317,0.4350799825195302
E1_temporal_persistence,DARK:20220113,DARK,20220113,2022-01-13,-1.4158837942776088,5,0.14931318577788277,50,-1.4857586859108898,-1.697419130767555,-1.1842106995017392
E1_temporal_persistence,DARK:20220120,DARK,20220120,2022-01-20,-0.7006308410799698,5,0.06677180292957775,50,-0.7428774812011,-0.9608468838024594,-0.3886417707261318
E1_temporal_persistence,DARK:20220121,DARK,20220121,2022-01-21,-0.10691707773724479,5,0.13213820755558855,50,-0.07661921429113314,-0.3327960244767357,0.09841730578640594
E1_temporal_persistence,DARK:20220123,DARK,20220123,2022-01-23,-0.34110021219747455,5,0.09687378164301672,50,-0.28251007451695787,-0.4333660758061604,-0.17790531484647645
E1_temporal_persistence,DARK:20220124,DARK,20220124,2022-01-24,-0.3031119862750762,5,0.08159405757813172,50,-0.3242981084180237,-0.4145249303825221,-0.2367324276688116
E1_temporal_persistence,DARK:20220125,DARK,20220125,2022-01-25,1.7598700422974263,4,0.26545363026709917,49,1.8356377866447051,1.1826165872369505,2.5075953746561708
E1_temporal_persistence,DARK:20220126,DARK,20220126,2022-01-26,0.3025070291394605,5,0.04537115896870175,50,0.30356005408885045,0.21225695965544894,0.3928871085081484
E1_temporal_persistence,DARK:20220128,DARK,20220128,2022-01-28,0.4957282833406089,5,0.1038409773936034,50,0.4909348571167633,0.1932265626094569,0.747749149268235
E1_temporal_persistence,DARK:20220129,DARK,20220129,2022-01-29,0.3837855878175134,5,0.19749979961573289,50,0.3717776880644347,-0.09405655024531304,0.8185579241720696
E1_temporal_persistence,DARK:20220130,DARK,20220130,2022-01-30,0.21568734970709835,5,0.05967251343627972,50,0.2058914450930675,0.08804812520763575,0.31121067410829106
E1_temporal_persistence,DARK:20220131,DARK,20220131,2022-01-31,0.23239440706711334,5,0.02402350912118963,50,0.22714836532492244,0.15597424973128346,0.32690588887852207
E1_temporal_persistence,DARK:20220202,DARK,20220202,2022-02-02,-0.2958511280044198,5,0.05147491559225767,50,-0.3268520119172458,-0.5107980158573804,-0.13946811414458987
E1_temporal_persistence,DARK:20220203,DARK,20220203,2022-02-03,-0.19546110146475137,5,0.08806950565091026,50,-0.17601094462223224,-0.40462698870887237,0.05249476990340128
E1_temporal_persistence,DARK:20220204,DARK,20220204,2022-02-04,-0.020438298263999455,5,0.07152604381386793,50,-0.03736984463653015,-0.1258442099137375,0.06718393100311003
E1_temporal_persistence,DARK:20220205,DARK,20220205,2022-02-05,0.0712305911524429,5,0.05292018551252185,50,0.069792764634862,-0.024306350530061274,0.18761854992242125
E1_temporal_persistence,DARK:20220206,DARK,20220206,2022-02-06,-0.8103556144078944,5,0.16179066707896508,50,-0.8002651612552942,-1.0016970396207663,-0.6308272524196155
E1_temporal_persistence,DARK:20220207,DARK,20220207,2022-02-07,0.3362432294554105,5,0.08291871491830673,50,0.3328919269671118,0.1780545675486576,0.4837991705092405
E1_temporal_persistence,DARK:20220208,DARK,20220208,2022-02-08,-0.4341161620626781,5,0.05714315377067748,50,-0.4243084921488556,-0.5284891904278535,-0.30138331628718595
E1_temporal_persistence,DARK:20220209,DARK,20220209,2022-02-09,-0.9311250742113328,5,0.03601436226467533,50,-0.9539346892435939,-1.0209629088934238,-0.8309882866360192
E1_temporal_persistence,DARK:20220210,DARK,20220210,2022-02-10,-0.11628316031552322,5,0.0828296365312444,50,-0.12768598467074682,-0.2285147445445834,0.04184863838987867
E1_temporal_persistence,DARK:20220211,DARK,20220211,2022-02-11,-1.3612250468819058,5,0.07292345803537213,50,-1.312006284640028,-1.4889652228578063,-1.1709969762777686
E1_temporal_persistence,DARK:20220212,DARK,20220212,2022-02-12,-2.0218313640874257,5,0.07220677156567054,50,-2.042457628092057,-2.257691179741399,-1.8321885877105943
E1_temporal_persistence,DARK:20220213,DARK,20220213,2022-02-13,-3.000102444091689,5,0.11120186497483635,50,-2.999153101490891,-3.243781964092942,-2.8269585721298083
E1_temporal_persistence,DARK:20220218,DARK,20220218,2022-02-18,-1.3356310894982784,5,0.0738230785418616,50,-1.362690915786745,-1.6226952450747971,-1.1720577996062762
E1_temporal_persistence,DARK:20220219,DARK,20220219,2022-02-19,-0.7636163734695851,5,0.022009368619006427,50,-0.7636013076935584,-0.9220390356544483,-0.6539292683338089
E1_temporal_persistence,DARK:20220220,DARK,20220220,2022-02-20,0.11886996626863144,4,0.16036234107476768,50,0.09991789003385418,-0.2969695264811745,0.4426873517365657
E1_temporal_persistence,DARK:20220221,DARK,20220221,2022-02-21,-1.44378927415778,5,0.16004931509682604,50,-1.535988971168231,-1.7926637866772324,-1.329156416369349
E1_temporal_persistence,DARK:20220225,DARK,20220225,2022-02-25,0.03383976479861284,5,0.053164638072048985,50,0.04230603131581734,-0.03453478008763767,0.12905230694680303
E1_temporal_persistence,DARK:20220226,DARK,20220226,2022-02-26,-0.23759486474370556,5,0.0725431168499627,50,-0.2254615163697911,-0.29184413303642803,-0.1416284218515114
E1_temporal_persistence,DARK:20220228,DARK,20220228,2022-02-28,-0.02003646355098021,5,0.012971516699737604,50,-0.007095986237116991,-0.07599181694668333,0.057002636398785354
E1_temporal_persistence,DARK:20220301,DARK,20220301,2022-03-01,0.14570847311800916,5,0.03997227252905779,50,0.14285725342682065,0.027306710005360755,0.2211764397267582
E1_temporal_persistence,DARK:20220306,DARK,20220306,2022-03-06,-0.05487523841940489,5,0.06192856681713713,50,-0.031871741933810815,-0.13013869326856,0.07545317478985625
E1_temporal_persistence,DARK:20220307,DARK,20220307,2022-03-07,0.0162388036108555,5,0.17079897082955725,50,0.016972250784795195,-0.28147949040706305,0.393221556975817
E1_temporal_persistence,DARK:20220308,DARK,20220308,2022-03-08,-0.17370428664799564,5,0.05347777579505633,50,-0.19640679334227001,-0.2959310416386937,-0.11203522286881083
E1_temporal_persistence,DARK:20220309,DARK,20220309,2022-03-09,-0.6510040468072184,5,0.054865864735018324,50,-0.6489149655960258,-0.7471995385323439,-0.5619404546438939
E1_temporal_persistence,DARK:20220311,DARK,20220311,2022-03-11,-0.9658549672940906,5,0.0757597284031085,50,-1.0014256492726181,-1.1301792876922077,-0.8481808356223632
E1_temporal_persistence,DARK:20220312,DARK,20220312,2022-03-12,-1.1585449055943595,5,0.053051092861997155,50,-1.1801959527648302,-1.279886164705076,-1.082301380613628
E1_temporal_persistence,DARK:20220313,DARK,20220313,2022-03-13,-0.696307981592056,1,,41,-0.7385821267602429,-1.1699016889320177,-0.26799479057610825
E1_temporal_persistence,DARK:20220321,DARK,20220321,2022-03-21,-0.7162242982645168,5,0.05637074502798291,50,-0.7025832716743904,-0.9225138868513358,-0.494476177166912
E1_temporal_persistence,DARK:20220322,DARK,20220322,2022-03-22,-0.7942554819870896,5,0.07013762036132286,50,-0.7826259561189189,-0.9821752155149255,-0.6210350187576348
E1_temporal_persistence,DARK:20220323,DARK,20220323,2022-03-23,-0.8298361041390523,5,0.04461148285759473,50,-0.83421458031269,-0.9382664132592795,-0.761576185231428
E1_temporal_persistence,DARK:20220324,DARK,20220324,2022-03-24,-0.5174708703486578,5,0.06080384192966278,50,-0.505392692677959,-0.6513357717160345,-0.35399090211662204
E1_temporal_persistence,DARK:20220325,DARK,20220325,2022-03-25,-0.3831508642804361,5,0.03914262990404393,50,-0.40187728352681085,-0.5025277796833119,-0.23961647731428437
E1_temporal_persistence,DARK:20220326,DARK,20220326,2022-03-26,-0.11794774178922546,5,0.04359330149892116,50,-0.11876047993394387,-0.21542640598671894,-0.03905016235152437
E1_temporal_persistence,DARK:20220327,DARK,20220327,2022-03-27,0.1421509236495344,5,0.06598160480474531,50,0.15241284392667537,0.01164942925463093,0.31919230818682276
E1_temporal_persistence,DARK:20220329,DARK,20220329,2022-03-29,-0.41259691467741627,5,0.0486865708149982,50,-0.4217021374181771,-0.6018358578022083,-0.23416732079153782
E1_temporal_persistence,DARK:20220330,DARK,20220330,2022-03-30,-0.49886601659857305,5,0.07201250822912997,50,-0.5310698750273516,-0.6013167241631979,-0.42877197404475986
E1_temporal_persistence,DARK:20220331,DARK,20220331,2022-03-31,-0.059630690809184705,5,0.05687583381930033,50,-0.1028181533714912,-0.2712671131210046,0.03984923388372609
E1_temporal_persistence,DARK:20220401,DARK,20220401,2022-04-01,0.23271729851353562,5,0.016461153781947145,50,0.22352174934065366,0.11161730550069618,0.31788662308311777
E1_temporal_persistence,DARK:20220402,DARK,20220402,2022-04-02,-0.23250857216575416,5,0.01156521520157396,50,-0.24214825350642055,-0.35347493624655785,-0.12389468143149637
E1_temporal_persistence,DARK:20220403,DARK,20220403,2022-04-03,-0.10499584508123166,5,0.06513064094624477,50,-0.09608503665570611,-0.22621391090888435,-0.01193146480853614
E1_temporal_persistence,DARK:20220404,DARK,20220404,2022-04-04,-0.31839168070824897,5,0.09496737404432899,50,-0.3392589153937482,-0.40279722994168854,-0.22465212765423825
E1_temporal_persistence,DARK:20220405,DARK,20220405,2022-04-05,-0.25170504573004177,5,0.034487819456595625,50,-0.260119039106417,-0.3750340950643827,-0.160465348799425
E1_temporal_persistence,DARK:20220406,DARK,20220406,2022-04-06,-0.781592020332602,5,0.030822659770101804,50,-0.7986467535122708,-0.8663703938786742,-0.6837442449371941
E1_temporal_persistence,DARK:20220407,DARK,20220407,2022-04-07,-0.47974067549892124,5,0.06821406426361157,50,-0.49107006559211475,-0.6287218973651291,-0.36925625012927493
E1_temporal_persistence,DARK:20220408,DARK,20220408,2022-04-08,-0.8204044278388294,5,0.03802815199744091,50,-0.78212726966649,-0.8831391570330426,-0.6969838819303902
E1_temporal_persistence,DARK:20220409,DARK,20220409,2022-04-09,-0.4974630766618094,5,0.08091364874721352,50,-0.49668429371683964,-0.658952641235243,-0.3628311305385574
E1_temporal_persistence,DARK:20220418,DARK,20220418,2022-04-18,-1.1328648285268386,5,0.09030802668232675,50,-1.1398216066913975,-1.3796744504977407,-0.920967859531305
E1_temporal_persistence,DARK:20220419,DARK,20220419,2022-04-19,-1.605224950342092,5,0.05658969288360219,50,-1.6152564468219888,-1.8479696940906947,-1.441827119800476
E1_temporal_persistence,DARK:20220420,DARK,20220420,2022-04-20,-1.2087135619517668,5,0.07858360606168906,50,-1.2562185331847173,-1.354376894194385,-1.1742686559313116
E1_temporal_persistence,DARK:20220421,DARK,20220421,2022-04-21,-0.18264389525005414,5,0.058761642836861146,50,-0.1771657804417046,-0.334491071626678,-0.0709768583307543
E1_temporal_persistence,DARK:20220423,DARK,20220423,2022-04-23,-0.4452405503692204,5,0.06773853526244852,50,-0.4262118542271915,-0.5627989949979758,-0.3277123884631233
E1_temporal_persistence,DARK:20220424,DARK,20220424,2022-04-24,-0.42846229468587305,5,0.05965009012275215,50,-0.4656420174524721,-0.6311149914869555,-0.27505843226022497
E1_temporal_persistence,DARK:20220425,DARK,20220425,2022-04-25,-0.13141387755083744,5,0.08444172038115377,50,-0.13801173659765315,-0.26814164600245965,-0.02853068190371793
E1_temporal_persistence,DARK:20220427,DARK,20220427,2022-04-27,0.1564832447346871,5,0.04477424097905501,50,0.1479348809087354,0.05108897318180126,0.21904455372383205
E1_temporal_persistence,DARK:20220428,DARK,20220428,2022-04-28,0.029190611275560996,5,0.010042806188187429,50,0.037181232598976766,-0.04953113966531805,0.14780422998807038
E1_temporal_persistence,DARK:20220429,DARK,20220429,2022-04-29,-0.5164164617854983,5,0.045060141629964245,50,-0.5005782103043019,-0.6205265551075829,-0.38285002346822133
E1_temporal_persistence,DARK:20220430,DARK,20220430,2022-04-30,0.23836895395111213,5,0.09237822586250868,50,0.294778973803213,0.11135705197053936,0.4820509633321222
E1_temporal_persistence,DARK:20220501,DARK,20220501,2022-05-01,-0.0007652947466640914,5,0.16516251614941277,50,0.003500144976137931,-0.1600716194973077,0.21977184099654942
E1_temporal_persistence,DARK:20220502,DARK,20220502,2022-05-02,-0.14281085404678762,5,0.15799067647879603,50,-0.10522940472742606,-0.420830966527049,0.1650684812392552
E1_temporal_persistence,DARK:20220503,DARK,20220503,2022-05-03,-0.02225370273214211,5,0.055725019794986376,50,-0.02164310859540408,-0.15711626455954572,0.07613330068108058
E1_temporal_persistence,DARK:20220504,DARK,20220504,2022-05-04,-0.08643616981231306,5,0.033421760780542105,50,-0.10108784362420567,-0.18010112334713665,0.05161931139519888
E1_temporal_persistence,DARK:20220505,DARK,20220505,2022-05-05,-0.5554734903222902,5,0.07646120087621004,50,-0.564263158549932,-0.6536447070679247,-0.40421489484285444
E1_temporal_persistence,DARK:20220506,DARK,20220506,2022-05-06,-1.533749655482433,5,0.20092861469510712,50,-1.487796445011318,-1.6631602440968423,-1.342770246955573
E1_temporal_persistence,DARK:20220507,DARK,20220507,2022-05-07,0.32670493801493916,1,,48,0.3093959694762165,-0.092364203024525,0.7036241032956998
E1_temporal_persistence,DARK:20220508,DARK,20220508,2022-05-08,-0.2091012109502539,5,0.048124058278331314,50,-0.2251915894220061,-0.3256442286696726,-0.1079380153245943
E1_temporal_persistence,DARK:20220509,DARK,20220509,2022-05-09,-0.35668937721085214,5,0.1255536140876868,50,-0.32291424552421294,-0.453476264059693,-0.18729330249484294
E1_temporal_persistence,DARK:20220510,DARK,20220510,2022-05-10,-0.8676651394304429,5,0.10522974549780385,50,-0.7921940334806744,-0.9708623810534182,-0.6436296712494097
E1_temporal_persistence,DARK:20220511,DARK,20220511,2022-05-11,-0.6304972932301249,5,0.1414510724483744,50,-0.6435334007565997,-0.8695399074951778,-0.46832318553239677
E1_temporal_persistence,DARK:20220512,DARK,20220512,2022-05-12,-1.097152467827431,5,0.1520167038787729,50,-1.1320916532565564,-1.3500741990891303,-0.8678836709061499
E1_temporal_persistence,DARK:20220515,DARK,20220515,2022-05-15,-0.5080086984904126,5,0.10986886951961833,50,-0.5548389340861903,-0.8354285465065877,-0.322092319524509
E1_temporal_persistence,DARK:20220518,DARK,20220518,2022-05-18,0.19638032495692825,5,0.06965930412742183,50,0.22684878216011262,0.04367908620751579,0.487350384836096
E1_temporal_persistence,DARK:20220522,DARK,20220522,2022-05-22,0.1849987889579583,5,0.08436685339351041,50,0.17984810371343196,0.020832687162154157,0.32448811080264117
E1_temporal_persistence,DARK:20220523,DARK,20220523,2022-05-23,-0.11801847589596082,5,0.14836064283076839,50,-0.10803130187171958,-0.3658192683904405,0.06657135053715711
E1_temporal_persistence,DARK:20220524,DARK,20220524,2022-05-24,0.09322611903333655,5,0.029105824780061042,50,0.10588041485467786,-0.003435806811570033,0.243914977057764
E1_temporal_persistence,DARK:20220525,DARK,20220525,2022-05-25,0.1691231203950463,5,0.05738708923389018,50,0.18373767669564278,0.06598093959137895,0.26892535732053086
E1_temporal_persistence,DARK:20220526,DARK,20220526,2022-05-26,0.03855070160802876,5,0.04843819302656991,50,0.0158366798190685,-0.08224553454279282,0.14645744480660944
E1_temporal_persistence,DARK:20220527,DARK,20220527,2022-05-27,0.32092672089818464,5,0.12461700764217601,50,0.30245001580741354,0.14173508755961117,0.4824853749402144
E1_temporal_persistence,DARK:20220528,DARK,20220528,2022-05-28,0.49150785632076,5,0.05429765573073963,50,0.5137285908407097,0.38626215297551003,0.6162235497600357
E1_temporal_persistence,DARK:20220529,DARK,20220529,2022-05-29,0.7594824700168329,5,0.10219005556863518,50,0.80095832918892,0.6681868370505464,0.8884484996354545
E1_temporal_persistence,DARK:20220530,DARK,20220530,2022-05-30,0.06771056559349353,5,0.04357446772630668,50,0.04827336367592544,-0.07946267274981277,0.17878254509942862
E1_temporal_persistence,DARK:20220531,DARK,20220531,2022-05-31,0.5488122728511834,5,0.0485288600611862,50,0.5017407170365467,0.3501097601237066,0.6718503983878432
E1_temporal_persistence,DARK:20220601,DARK,20220601,2022-06-01,0.07334899889573343,5,0.04826231619965249,50,0.0704583133730835,-0.021242192346320056,0.1653514312097347
E1_temporal_persistence,DARK:20220602,DARK,20220602,2022-06-02,-0.09878381145368886,5,0.14307116787401822,50,-0.14001315293954014,-0.28724558328213534,0.01636695950892511
E1_temporal_persistence,DARK:20220603,DARK,20220603,2022-06-03,0.6689025095055215,5,0.05659190976857224,50,0.6802066114524173,0.5238352211112557,0.8304068168347043
E1_temporal_persistence,DARK:20220604,DARK,20220604,2022-06-04,0.2756337731179699,5,0.10082182790481295,50,0.27663165520978544,0.13013746755724942,0.45121820331714013
E1_temporal_persistence,DARK:20220605,DARK,20220605,2022-06-05,0.30353902740583905,5,0.09726766481750852,50,0.3080093336771457,0.10135996171057923,0.4273786253301393
E1_temporal_persistence,DARK:20220606,DARK,20220606,2022-06-06,0.06769235369181492,5,0.04887457853847331,50,0.07358505555111072,-0.13533710930910775,0.2403123025355591
E1_temporal_persistence,DARK:20220607,DARK,20220607,2022-06-07,0.0683861693943475,5,0.08772576334992158,50,0.01861167981555434,-0.16157522712621597,0.20872303079396076
E1_temporal_persistence,DARK:20220609,DARK,20220609,2022-06-09,0.004106168191423398,5,0.0698986111513142,50,0.029236633501526887,-0.12743862181093066,0.24534415897923306
