HALF,PROGRAM,NIGHT,OFFSET_KMS,COMPONENT,N_LABELS_FIT,N_TRAIN_PAIRS,N_CONNECTED_COMPONENTS
A,BACKUP,20211125,3.6297719271346467,0,77,479839,5
A,BACKUP,20211206,3.2868233187926856,0,77,479839,5
A,BACKUP,20211207,3.03475550882091,0,77,479839,5
A,BACKUP,20211216,7.4532243171736505,0,77,479839,5
A,BACKUP,20211217,4.400647681436368,0,77,479839,5
A,BACKUP,20211218,3.792903205040246,0,77,479839,5
A,BACKUP,20211220,2.8119115687859115,0,77,479839,5
A,BACKUP,20220101,2.5769660567469117,0,77,479839,5
A,BACKUP,20220111,2.1612826885830625,0,77,479839,5
A,BACKUP,20220112,-1.235285003907752,0,77,479839,5
A,BACKUP,20220113,-0.6969575156965112,0,77,479839,5
A,BACKUP,20220114,1.8668569264260344,0,77,479839,5
A,BACKUP,20220122,3.6233854445927394,0,77,479839,5
A,BACKUP,20220123,0.9277595563701279,0,77,479839,5
A,BACKUP,20220126,-5.9920395840674106,0,77,479839,5
A,BACKUP,20220127,0.4692861211205748,0,77,479839,5
A,BACKUP,20220129,0.8062321698779574,0,77,479839,5
A,BACKUP,20220131,0.46347301830914245,0,77,479839,5
A,BACKUP,20220203,1.3834632420343653,0,77,479839,5
A,BACKUP,20220205,-4.406363561595985,0,77,479839,5
A,BACKUP,20220206,0.9089077442566943,0,77,479839,5
A,BACKUP,20220207,-3.6325308374466814,0,77,479839,5
A,BACKUP,20220210,0.6090412477039341,0,77,479839,5
A,BACKUP,20220216,0.9050512460568337,0,77,479839,5
A,BACKUP,20220217,1.1672902471889413,0,77,479839,5
A,BACKUP,20220221,-3.4885607537553946,0,77,479839,5
A,BACKUP,20220227,1.852052164056595,0,77,479839,5
A,BACKUP,20220302,-0.4550105630682402,0,77,479839,5
A,BACKUP,20220303,-1.8794706072162035,0,77,479839,5
A,BACKUP,20220305,-5.072995719015254,0,77,479839,5
A,BACKUP,20220310,2.1321190391682587,0,77,479839,5
A,BACKUP,20220312,1.206280486828585,0,77,479839,5
A,BACKUP,20220313,0.21654024038945302,0,77,479839,5
A,BACKUP,20220315,-2.204914409907267,0,77,479839,5
A,BACKUP,20220316,-0.671229387925936,0,77,479839,5
A,BACKUP,20220318,-1.1974337674805655,0,77,479839,5
A,BACKUP,20220319,-1.2057074924175177,0,77,479839,5
A,BACKUP,20220325,2.8710088667096576,0,77,479839,5
A,BACKUP,20220331,-10.52082517022476,0,77,479839,5
A,BACKUP,20220409,0.3225606900023377,0,77,479839,5
A,BACKUP,20220412,-0.9298843576577719,0,77,479839,5
A,BACKUP,20220416,-1.5709469559931595,0,77,479839,5
A,BACKUP,20220417,-0.8816021020620189,0,77,479839,5
A,BACKUP,20220418,-2.560140924303731,0,77,479839,5
A,BACKUP,20220422,0.8804440088887259,0,77,479839,5
A,BACKUP,20220423,-0.4841696019976715,0,77,479839,5
A,BACKUP,20220426,0.25186887002627734,0,77,479839,5
A,BACKUP,20220429,-1.2849444186724188,0,77,479839,5
A,BACKUP,20220430,-2.931339542107184,0,77,479839,5
A,BACKUP,20220503,-1.0445939298221285,0,77,479839,5
A,BACKUP,20220505,0.8120436302539142,0,77,479839,5
A,BACKUP,20220509,-0.723358691828725,0,77,479839,5
A,BACKUP,20220510,-0.35155130909346505,0,77,479839,5
A,BACKUP,20220511,-1.4363627307929736,0,77,479839,5
A,BACKUP,20220513,-1.3979270963153443,0,77,479839,5
A,BACKUP,20220514,-1.5790794880304233,0,77,479839,5
A,BACKUP,20220515,-2.00447933698913,0,77,479839,5
A,BACKUP,20220526,-2.2635028746070383,0,77,479839,5
A,BACKUP,20220527,-0.18792922506725573,0,77,479839,5
A,BACKUP,20220528,-1.4301582437704745,0,77,479839,5
A,BACKUP,20220601,0.06769181799473672,0,77,479839,5
A,BACKUP,20220604,0.3863850902554189,0,77,479839,5
A,BACKUP,20220605,-0.06769181799473675,0,77,479839,5
A,BACKUP,20220607,0.16199543524516097,0,77,479839,5
A,BACKUP,20220608,-2.4508495273179034,0,77,479839,5
A,BACKUP,20220609,0.63510732601509,0,77,479839,5
A,BACKUP,20220610,0.5531383406769397,0,77,479839,5
A,BACKUP,20220612,-1.3335151933904972,0,77,479839,5
B,BACKUP,20211125,3.7380279183117704,0,77,477730,5
B,BACKUP,20211206,3.373253447262378,0,77,477730,5
B,BACKUP,20211207,3.2082126012616814,0,77,477730,5
B,BACKUP,20211216,7.451864786763824,0,77,477730,5
B,BACKUP,20211217,4.551948799503204,0,77,477730,5
B,BACKUP,20211218,3.897097985419034,0,77,477730,5
B,BACKUP,20211220,2.8808646941129776,0,77,477730,5
B,BACKUP,20220101,2.690430400944458,0,77,477730,5
B,BACKUP,20220111,2.275606310851729,0,77,477730,5
B,BACKUP,20220112,-1.2901482745093298,0,77,477730,5
B,BACKUP,20220113,-0.5901545683697009,0,77,477730,5
B,BACKUP,20220114,1.8689621221991322,0,77,477730,5
B,BACKUP,20220122,3.6832820127597827,0,77,477730,5
B,BACKUP,20220123,1.012089007715411,0,77,477730,5
B,BACKUP,20220126,-5.927446990260977,0,77,477730,5
B,BACKUP,20220127,0.5874095446882825,0,77,477730,5
B,BACKUP,20220129,0.9994466408662028,0,77,477730,5
B,BACKUP,20220131,0.6048697208883606,0,77,477730,5
B,BACKUP,20220203,1.4535932684346102,0,77,477730,5
B,BACKUP,20220205,-4.195198232248848,0,77,477730,5
B,BACKUP,20220206,1.0138816543365865,0,77,477730,5
B,BACKUP,20220207,-3.4211990931036658,0,77,477730,5
B,BACKUP,20220210,0.6511386316632913,0,77,477730,5
B,BACKUP,20220216,0.967039134526964,0,77,477730,5
B,BACKUP,20220217,1.2377836492930863,0,77,477730,5
B,BACKUP,20220221,-3.2129085249696896,0,77,477730,5
B,BACKUP,20220227,1.9969353284172227,0,77,477730,5
B,BACKUP,20220302,-0.41397757443144845,0,77,477730,5
B,BACKUP,20220303,-1.6458820919389248,0,77,477730,5
B,BACKUP,20220305,-4.942823314979117,0,77,477730,5
B,BACKUP,20220310,2.2124712113662417,0,77,477730,5
B,BACKUP,20220312,1.4643502371273687,0,77,477730,5
B,BACKUP,20220313,0.3409813991493687,0,77,477730,5
B,BACKUP,20220315,-2.1273756649558484,0,77,477730,5
B,BACKUP,20220316,-0.6263508698766547,0,77,477730,5
B,BACKUP,20220318,-1.1150579703730517,0,77,477730,5
B,BACKUP,20220319,-1.0823157433751962,0,77,477730,5
B,BACKUP,20220325,2.9301793539511602,0,77,477730,5
B,BACKUP,20220331,-10.46386541593513,0,77,477730,5
B,BACKUP,20220409,0.4601154895797685,0,77,477730,5
B,BACKUP,20220412,-0.8597696192161637,0,77,477730,5
B,BACKUP,20220416,-1.4849705961380506,0,77,477730,5
B,BACKUP,20220417,-0.8462743933168774,0,77,477730,5
B,BACKUP,20220418,-2.2749365545800657,0,77,477730,5
B,BACKUP,20220422,1.055497198132223,0,77,477730,5
B,BACKUP,20220423,-0.4240392918667052,0,77,477730,5
B,BACKUP,20220426,0.4339002684837593,0,77,477730,5
B,BACKUP,20220429,-1.035644680192448,0,77,477730,5
B,BACKUP,20220430,-2.729443983605816,0,77,477730,5
B,BACKUP,20220503,-0.9004417811629835,0,77,477730,5
B,BACKUP,20220505,0.9455881519948377,0,77,477730,5
B,BACKUP,20220509,-0.6627094046442693,0,77,477730,5
B,BACKUP,20220510,-0.2974683479168723,0,77,477730,5
B,BACKUP,20220511,-1.36066176290899,0,77,477730,5
B,BACKUP,20220513,-1.2477512885206163,0,77,477730,5
B,BACKUP,20220514,-1.3726581851521575,0,77,477730,5
B,BACKUP,20220515,-1.8526263291404466,0,77,477730,5
B,BACKUP,20220526,-2.121501103686327,0,77,477730,5
B,BACKUP,20220527,-0.17787856943090324,0,77,477730,5
B,BACKUP,20220528,-1.372301550357766,0,77,477730,5
B,BACKUP,20220601,-0.07444021894597315,0,77,477730,5
B,BACKUP,20220604,0.5907426684376667,0,77,477730,5
B,BACKUP,20220605,0.07444021894597314,0,77,477730,5
B,BACKUP,20220607,0.15546803741428714,0,77,477730,5
B,BACKUP,20220608,-2.1799812339338094,0,77,477730,5
B,BACKUP,20220609,0.7063676915737178,0,77,477730,5
B,BACKUP,20220610,0.6384455989816094,0,77,477730,5
B,BACKUP,20220612,-1.0796950762743258,0,77,477730,5
A,BRIGHT,20210514,0.811014649062869,0,206,117550,1
A,BRIGHT,20210515,0.44146551293153746,0,206,117550,1
A,BRIGHT,20210516,0.7382660362000032,0,206,117550,1
A,BRIGHT,20210517,0.47695778569773695,0,206,117550,1
A,BRIGHT,20210518,-0.10397064570787187,0,206,117550,1
A,BRIGHT,20210519,-0.111337789345035,0,206,117550,1
A,BRIGHT,20210521,0.11501632775902368,0,206,117550,1
A,BRIGHT,20210522,-0.2335643576261439,0,206,117550,1
A,BRIGHT,20210528,0.5375031602704086,0,206,117550,1
A,BRIGHT,20210531,1.0469854581631766,0,206,117550,1
A,BRIGHT,20210602,0.6671911836491844,0,206,117550,1
A,BRIGHT,20210603,0.48600683144901347,0,206,117550,1
A,BRIGHT,20210604,0.45780629077576485,0,206,117550,1
A,BRIGHT,20210605,0.32019580390640223,0,206,117550,1
A,BRIGHT,20210606,0.6094976156899621,0,206,117550,1
A,BRIGHT,20210607,1.2414408913271306,0,206,117550,1
A,BRIGHT,20210609,0.7347443312962766,0,206,117550,1
A,BRIGHT,20210610,-0.02462448742177714,0,206,117550,1
A,BRIGHT,20210613,-0.23776869157550815,0,206,117550,1
A,BRIGHT,20210614,1.0427342997245237,0,206,117550,1
A,BRIGHT,20210615,-0.3720465057704565,0,206,117550,1
A,BRIGHT,20210616,0.9642936881806324,0,206,117550,1
A,BRIGHT,20210617,0.1778416014634104,0,206,117550,1
A,BRIGHT,20210618,0.21497089091207483,0,206,117550,1
A,BRIGHT,20210619,0.1821026518358034,0,206,117550,1
A,BRIGHT,20210620,-0.13806369559071321,0,206,117550,1
A,BRIGHT,20210705,0.5071921397363838,0,206,117550,1
A,BRIGHT,20210706,0.6208025557117696,0,206,117550,1
A,BRIGHT,20210708,1.2183155722594556,0,206,117550,1
A,BRIGHT,20210709,0.2891570769803363,0,206,117550,1
A,BRIGHT,20210921,-0.3606421874190633,0,206,117550,1
A,BRIGHT,20210923,-0.5226845567638273,0,206,117550,1
A,BRIGHT,20210926,0.3332556927838386,0,206,117550,1
A,BRIGHT,20210927,0.2675098444335395,0,206,117550,1
A,BRIGHT,20210928,0.26715660875581726,0,206,117550,1
A,BRIGHT,20210930,0.10931917504400376,0,206,117550,1
A,BRIGHT,20211003,-0.03361229535566429,0,206,117550,1
A,BRIGHT,20211006,0.9741486337080385,0,206,117550,1
A,BRIGHT,20211009,0.5488982834337189,0,206,117550,1
A,BRIGHT,20211014,-0.13046747152465143,0,206,117550,1
A,BRIGHT,20211015,0.28606039296441826,0,206,117550,1
A,BRIGHT,20211016,-0.9755709941505396,0,206,117550,1
A,BRIGHT,20211019,-0.6270776216327005,0,206,117550,1
A,BRIGHT,20211020,-0.258666244005461,0,206,117550,1
A,BRIGHT,20211021,-0.46051316769569595,0,206,117550,1
A,BRIGHT,20211022,-0.04819345924246057,0,206,117550,1
A,BRIGHT,20211023,-0.17036381462475833,0,206,117550,1
A,BRIGHT,20211026,0.5100039374887346,0,206,117550,1
A,BRIGHT,20211029,-0.7909116233190132,0,206,117550,1
A,BRIGHT,20211031,-2.0133539068934994,0,206,117550,1
A,BRIGHT,20211103,-3.090243679407577,0,206,117550,1
A,BRIGHT,20211105,-1.4098569950621365,0,206,117550,1
A,BRIGHT,20211106,0.5730305782804744,0,206,117550,1
A,BRIGHT,20211107,-0.5904859656686541,0,206,117550,1
A,BRIGHT,20211110,0.21624369419773745,0,206,117550,1
A,BRIGHT,20211111,0.3809081902243835,0,206,117550,1
A,BRIGHT,20211112,0.08103014707850706,0,206,117550,1
A,BRIGHT,20211113,-0.5499421088084037,0,206,117550,1
A,BRIGHT,20211114,-0.19602244840050484,0,206,117550,1
A,BRIGHT,20211115,-0.6211491781057724,0,206,117550,1
A,BRIGHT,20211116,-0.05435386219886289,0,206,117550,1
A,BRIGHT,20211117,-0.405724794416647,0,206,117550,1
A,BRIGHT,20211118,-1.139713555552889,0,206,117550,1
A,BRIGHT,20211119,-0.5347658431877326,0,206,117550,1
A,BRIGHT,20211120,0.5733062601439178,0,206,117550,1
A,BRIGHT,20211122,-0.34773122498108777,0,206,117550,1
A,BRIGHT,20211125,0.13974779744094362,0,206,117550,1
A,BRIGHT,20211126,-0.6532082639120323,0,206,117550,1
A,BRIGHT,20211127,0.18252493769909767,0,206,117550,1
A,BRIGHT,20211128,-0.49175987469862337,0,206,117550,1
A,BRIGHT,20211129,-0.4211247974884206,0,206,117550,1
A,BRIGHT,20211130,-1.294959261886992,0,206,117550,1
A,BRIGHT,20211201,0.08132939284441604,0,206,117550,1
A,BRIGHT,20211202,-0.9499148742722937,0,206,117550,1
A,BRIGHT,20211203,0.8536089168170201,0,206,117550,1
A,BRIGHT,20211204,-0.12913195160441696,0,206,117550,1
A,BRIGHT,20211205,-0.32500026847238705,0,206,117550,1
A,BRIGHT,20211206,0.788477327038463,0,206,117550,1
A,BRIGHT,20211208,-0.2605801872729706,0,206,117550,1
A,BRIGHT,20211210,1.2682836790543417,0,206,117550,1
A,BRIGHT,20211211,-0.1739289889506372,0,206,117550,1
A,BRIGHT,20211212,-0.09941306235637723,0,206,117550,1
A,BRIGHT,20211215,-0.19353266312246528,0,206,117550,1
A,BRIGHT,20211216,-0.22055600949552104,0,206,117550,1
A,BRIGHT,20211217,0.5579196820228163,0,206,117550,1
A,BRIGHT,20211218,-0.1259590445674444,0,206,117550,1
A,BRIGHT,20211219,-0.017485042281036735,0,206,117550,1
A,BRIGHT,20211220,-0.07649912173424239,0,206,117550,1
A,BRIGHT,20220101,0.9562179970557539,0,206,117550,1
A,BRIGHT,20220103,0.06145821208771883,0,206,117550,1
A,BRIGHT,20220104,-0.04581077033710869,0,206,117550,1
A,BRIGHT,20220105,1.16530101256529,0,206,117550,1
A,BRIGHT,20220106,-0.0042899655670279035,0,206,117550,1
A,BRIGHT,20220107,-0.31075994572386867,0,206,117550,1
A,BRIGHT,20220108,0.3172797690440273,0,206,117550,1
A,BRIGHT,20220109,0.5485803663151306,0,206,117550,1
A,BRIGHT,20220111,0.9549697781789297,0,206,117550,1
A,BRIGHT,20220112,-0.4029054891489178,0,206,117550,1
A,BRIGHT,20220113,-0.25638401472073147,0,206,117550,1
A,BRIGHT,20220114,-0.12328998994847337,0,206,117550,1
A,BRIGHT,20220119,-0.3356085943592343,0,206,117550,1
A,BRIGHT,20220120,-0.1681599503503428,0,206,117550,1
A,BRIGHT,20220121,0.22398538235602142,0,206,117550,1
A,BRIGHT,20220123,0.1525680027794698,0,206,117550,1
A,BRIGHT,20220124,-0.4277284879509289,0,206,117550,1
A,BRIGHT,20220125,0.459222440021109,0,206,117550,1
A,BRIGHT,20220126,0.6914451760223258,0,206,117550,1
A,BRIGHT,20220127,0.5001777876620795,0,206,117550,1
A,BRIGHT,20220129,-0.47871591778354106,0,206,117550,1
A,BRIGHT,20220130,1.0120227408233755,0,206,117550,1
A,BRIGHT,20220131,0.9852019339525044,0,206,117550,1
A,BRIGHT,20220201,0.43721157580095094,0,206,117550,1
A,BRIGHT,20220202,0.5009239080268015,0,206,117550,1
A,BRIGHT,20220203,0.7914458935750125,0,206,117550,1
A,BRIGHT,20220204,-0.7564822756009228,0,206,117550,1
A,BRIGHT,20220205,-0.23995555096651475,0,206,117550,1
A,BRIGHT,20220206,1.111443404319571,0,206,117550,1
A,BRIGHT,20220207,0.3775966537786585,0,206,117550,1
A,BRIGHT,20220208,0.057473600252177924,0,206,117550,1
A,BRIGHT,20220209,-0.36057407968005717,0,206,117550,1
A,BRIGHT,20220210,-0.6265124393081118,0,206,117550,1
A,BRIGHT,20220211,-0.5426711314232548,0,206,117550,1
A,BRIGHT,20220212,-0.4949792386501388,0,206,117550,1
A,BRIGHT,20220213,-0.7137561931274169,0,206,117550,1
A,BRIGHT,20220217,0.0473296088283622,0,206,117550,1
A,BRIGHT,20220218,-0.5653199324752103,0,206,117550,1
A,BRIGHT,20220219,-0.5533627400790759,0,206,117550,1
A,BRIGHT,20220220,-0.9845069725897421,0,206,117550,1
A,BRIGHT,20220221,0.32002300668024897,0,206,117550,1
A,BRIGHT,20220225,0.4211551049895964,0,206,117550,1
A,BRIGHT,20220227,0.32803077910517786,0,206,117550,1
A,BRIGHT,20220301,-1.0599954155767342,0,206,117550,1
A,BRIGHT,20220302,0.18378734289133583,0,206,117550,1
A,BRIGHT,20220303,-0.9832048897606717,0,206,117550,1
A,BRIGHT,20220304,0.8706463818385937,0,206,117550,1
A,BRIGHT,20220305,-0.06969747811845421,0,206,117550,1
A,BRIGHT,20220306,-0.15047141266495662,0,206,117550,1
A,BRIGHT,20220307,0.46464815699221584,0,206,117550,1
A,BRIGHT,20220310,1.065665233796871,0,206,117550,1
A,BRIGHT,20220311,-0.2858291618072112,0,206,117550,1
A,BRIGHT,20220312,-0.4704937403555448,0,206,117550,1
A,BRIGHT,20220313,-0.19616469166179198,0,206,117550,1
A,BRIGHT,20220314,-0.602142499630675,0,206,117550,1
A,BRIGHT,20220315,-0.9937251412733025,0,206,117550,1
A,BRIGHT,20220316,-0.430682750176128,0,206,117550,1
A,BRIGHT,20220317,-0.9579478087244292,0,206,117550,1
A,BRIGHT,20220318,-0.8553939127983067,0,206,117550,1
A,BRIGHT,20220319,-0.26102018913530967,0,206,117550,1
A,BRIGHT,20220321,-0.47437370102324883,0,206,117550,1
A,BRIGHT,20220322,-0.2285151697403344,0,206,117550,1
A,BRIGHT,20220323,-0.11720768048866817,0,206,117550,1
A,BRIGHT,20220325,-0.14942854513229947,0,206,117550,1
A,BRIGHT,20220327,0.12512030285786255,0,206,117550,1
A,BRIGHT,20220329,0.2933284212322928,0,206,117550,1
A,BRIGHT,20220331,0.6440902993915696,0,206,117550,1
A,BRIGHT,20220401,-0.768246924524593,0,206,117550,1
A,BRIGHT,20220402,0.43753066006040564,0,206,117550,1
A,BRIGHT,20220403,0.13362585613964878,0,206,117550,1
A,BRIGHT,20220407,0.004289965567027897,0,206,117550,1
A,BRIGHT,20220408,-1.2071417337747932,0,206,117550,1
A,BRIGHT,20220409,-0.8285793802352203,0,206,117550,1
A,BRIGHT,20220413,-0.7921374067396731,0,206,117550,1
A,BRIGHT,20220414,-0.8578157867386637,0,206,117550,1
A,BRIGHT,20220416,-0.7348792446932654,0,206,117550,1
A,BRIGHT,20220417,-0.7635418219145423,0,206,117550,1
A,BRIGHT,20220418,-0.48662628083163195,0,206,117550,1
A,BRIGHT,20220419,-0.3656067307653621,0,206,117550,1
A,BRIGHT,20220420,-0.6643791708750396,0,206,117550,1
A,BRIGHT,20220421,0.13206734867291153,0,206,117550,1
A,BRIGHT,20220422,0.9426093414303972,0,206,117550,1
A,BRIGHT,20220423,0.18450317349513629,0,206,117550,1
A,BRIGHT,20220426,0.721165311311623,0,206,117550,1
A,BRIGHT,20220428,0.5137117482994019,0,206,117550,1
A,BRIGHT,20220429,-0.2426982484451727,0,206,117550,1
A,BRIGHT,20220430,0.4882353103733864,0,206,117550,1
A,BRIGHT,20220501,-0.5858508252658289,0,206,117550,1
A,BRIGHT,20220502,0.4093427152992294,0,206,117550,1
A,BRIGHT,20220503,0.5035481865589416,0,206,117550,1
A,BRIGHT,20220504,0.22769896322953648,0,206,117550,1
A,BRIGHT,20220505,0.2130771587980284,0,206,117550,1
A,BRIGHT,20220507,-0.08042075542224855,0,206,117550,1
A,BRIGHT,20220508,0.14587635197955384,0,206,117550,1
A,BRIGHT,20220509,-0.041082280459215886,0,206,117550,1
A,BRIGHT,20220510,-0.15080429010953922,0,206,117550,1
A,BRIGHT,20220511,-0.8096292337893611,0,206,117550,1
A,BRIGHT,20220512,-0.4755696328861324,0,206,117550,1
A,BRIGHT,20220513,-0.5216344918467155,0,206,117550,1
A,BRIGHT,20220514,-0.47565915871125075,0,206,117550,1
A,BRIGHT,20220515,-0.14286911468575011,0,206,117550,1
A,BRIGHT,20220516,-0.10867653523115836,0,206,117550,1
A,BRIGHT,20220518,0.6638597689755343,0,206,117550,1
A,BRIGHT,20220522,0.8538998865727693,0,206,117550,1
A,BRIGHT,20220523,1.3455233995977232,0,206,117550,1
A,BRIGHT,20220524,0.9094191210696404,0,206,117550,1
A,BRIGHT,20220525,0.43748257268743496,0,206,117550,1
A,BRIGHT,20220526,0.32519768985111297,0,206,117550,1
A,BRIGHT,20220527,2.263723489646648,0,206,117550,1
A,BRIGHT,20220528,0.15183863802532216,0,206,117550,1
A,BRIGHT,20220530,1.0239467731205742,0,206,117550,1
A,BRIGHT,20220531,0.8551677607260606,0,206,117550,1
A,BRIGHT,20220602,0.16705545248087422,0,206,117550,1
A,BRIGHT,20220605,0.2251187310669384,0,206,117550,1
A,BRIGHT,20220607,0.4627200945998319,0,206,117550,1
A,BRIGHT,20220609,0.8164446995172475,0,206,117550,1
A,BRIGHT,20220611,3.2285626861045107,0,206,117550,1
A,BRIGHT,20220612,1.0814549422806459,0,206,117550,1
B,BRIGHT,20210514,0.861516081399223,0,206,118308,1
B,BRIGHT,20210515,0.5838602764739408,0,206,118308,1
B,BRIGHT,20210516,0.6477968775858659,0,206,118308,1
B,BRIGHT,20210517,0.5607683547215785,0,206,118308,1
B,BRIGHT,20210518,-0.417875882889996,0,206,118308,1
B,BRIGHT,20210519,-0.20265959659807004,0,206,118308,1
B,BRIGHT,20210521,-0.07288663979182924,0,206,118308,1
B,BRIGHT,20210522,-0.07964487630067098,0,206,118308,1
B,BRIGHT,20210528,0.5140081576083633,0,206,118308,1
B,BRIGHT,20210531,0.6978127072089377,0,206,118308,1
B,BRIGHT,20210602,0.334278933127552,0,206,118308,1
B,BRIGHT,20210603,0.27592277222415473,0,206,118308,1
B,BRIGHT,20210604,0.5041686756682121,0,206,118308,1
B,BRIGHT,20210605,0.49457400096994614,0,206,118308,1
B,BRIGHT,20210606,0.22375876380179965,0,206,118308,1
B,BRIGHT,20210607,1.2366961514024908,0,206,118308,1
B,BRIGHT,20210609,0.790899989638434,0,206,118308,1
B,BRIGHT,20210610,0.002312773416217509,0,206,118308,1
B,BRIGHT,20210613,-0.030487263964688538,0,206,118308,1
B,BRIGHT,20210614,3.4978439303653515,0,206,118308,1
B,BRIGHT,20210615,-0.15251336300052326,0,206,118308,1
B,BRIGHT,20210616,3.5763887288134115,0,206,118308,1
B,BRIGHT,20210617,0.09795017549975082,0,206,118308,1
B,BRIGHT,20210618,0.151219424801396,0,206,118308,1
B,BRIGHT,20210619,0.325095578027341,0,206,118308,1
B,BRIGHT,20210620,-0.0018641892836637752,0,206,118308,1
B,BRIGHT,20210705,0.9556346908312033,0,206,118308,1
B,BRIGHT,20210706,1.002564348586921,0,206,118308,1
B,BRIGHT,20210708,1.3611377700691478,0,206,118308,1
B,BRIGHT,20210709,0.6923188088831813,0,206,118308,1
B,BRIGHT,20210921,-0.469442219911719,0,206,118308,1
B,BRIGHT,20210923,-0.045770755093096055,0,206,118308,1
B,BRIGHT,20210926,0.505251157051559,0,206,118308,1
B,BRIGHT,20210927,0.10765612572929995,0,206,118308,1
B,BRIGHT,20210928,0.8143300705343176,0,206,118308,1
B,BRIGHT,20210930,0.26834932061921923,0,206,118308,1
B,BRIGHT,20211001,0.49661234736557586,0,206,118308,1
B,BRIGHT,20211003,0.24647546001358644,0,206,118308,1
B,BRIGHT,20211006,1.0513623037487505,0,206,118308,1
B,BRIGHT,20211009,0.6073768508811941,0,206,118308,1
B,BRIGHT,20211014,-0.1663964577289932,0,206,118308,1
B,BRIGHT,20211015,0.341117908889994,0,206,118308,1
B,BRIGHT,20211016,-0.8709250263462507,0,206,118308,1
B,BRIGHT,20211019,-0.8643964479646445,0,206,118308,1
B,BRIGHT,20211020,-0.3950561861988773,0,206,118308,1
B,BRIGHT,20211021,-0.38229243680984915,0,206,118308,1
B,BRIGHT,20211022,-0.3576764811669872,0,206,118308,1
B,BRIGHT,20211023,-0.43439376109433214,0,206,118308,1
B,BRIGHT,20211026,0.416465327891514,0,206,118308,1
B,BRIGHT,20211029,-1.0396119601846978,0,206,118308,1
B,BRIGHT,20211031,-2.3824637358728973,0,206,118308,1
B,BRIGHT,20211103,-3.190708599003605,0,206,118308,1
B,BRIGHT,20211105,-1.6983599235909765,0,206,118308,1
B,BRIGHT,20211106,1.0055366677090956,0,206,118308,1
B,BRIGHT,20211107,-0.7711438134173788,0,206,118308,1
B,BRIGHT,20211110,-0.13308552780248595,0,206,118308,1
B,BRIGHT,20211111,0.37853645062119173,0,206,118308,1
B,BRIGHT,20211112,-0.00896034909216293,0,206,118308,1
B,BRIGHT,20211113,-0.6440560629130593,0,206,118308,1
B,BRIGHT,20211114,-0.3916952090522505,0,206,118308,1
B,BRIGHT,20211115,-0.8096241252534296,0,206,118308,1
B,BRIGHT,20211116,0.09102368170854648,0,206,118308,1
B,BRIGHT,20211117,-0.5242931902032082,0,206,118308,1
B,BRIGHT,20211118,-0.7895738311290093,0,206,118308,1
B,BRIGHT,20211119,-0.6204839285166414,0,206,118308,1
B,BRIGHT,20211120,0.43795726129592305,0,206,118308,1
B,BRIGHT,20211122,-0.021330010566097388,0,206,118308,1
B,BRIGHT,20211125,0.1005281665181779,0,206,118308,1
B,BRIGHT,20211126,-0.5110113837803312,0,206,118308,1
B,BRIGHT,20211127,0.06010379927647629,0,206,118308,1
B,BRIGHT,20211128,-0.12409238563804413,0,206,118308,1
B,BRIGHT,20211129,-1.045023756652548,0,206,118308,1
B,BRIGHT,20211130,-0.9966363626559362,0,206,118308,1
B,BRIGHT,20211201,-0.18389889671639337,0,206,118308,1
B,BRIGHT,20211202,-0.404048179937154,0,206,118308,1
B,BRIGHT,20211203,0.6290229386679065,0,206,118308,1
B,BRIGHT,20211204,0.28209605263486087,0,206,118308,1
B,BRIGHT,20211205,-0.640592202440096,0,206,118308,1
B,BRIGHT,20211206,0.7258075199281787,0,206,118308,1
B,BRIGHT,20211208,-0.01463311655213305,0,206,118308,1
B,BRIGHT,20211210,1.1318451739829865,0,206,118308,1
B,BRIGHT,20211211,-0.16725808572735607,0,206,118308,1
B,BRIGHT,20211212,-0.21640769694992357,0,206,118308,1
B,BRIGHT,20211215,-0.30407566191961977,0,206,118308,1
B,BRIGHT,20211216,-0.11650807608807219,0,206,118308,1
B,BRIGHT,20211217,0.5030558288248371,0,206,118308,1
B,BRIGHT,20211218,-0.06528047309846231,0,206,118308,1
B,BRIGHT,20211219,0.0018641892836637683,0,206,118308,1
B,BRIGHT,20211220,-0.11943529267679674,0,206,118308,1
B,BRIGHT,20220101,1.0446309469052624,0,206,118308,1
B,BRIGHT,20220103,0.19062791862536627,0,206,118308,1
B,BRIGHT,20220104,-0.21944143686940115,0,206,118308,1
B,BRIGHT,20220105,1.2227677070230283,0,206,118308,1
B,BRIGHT,20220106,-0.08415553345587103,0,206,118308,1
B,BRIGHT,20220107,-0.5036782848503456,0,206,118308,1
B,BRIGHT,20220108,0.2747548106288135,0,206,118308,1
B,BRIGHT,20220109,0.50831240535926,0,206,118308,1
B,BRIGHT,20220111,0.9783134880779025,0,206,118308,1
B,BRIGHT,20220112,-0.3848904461214888,0,206,118308,1
B,BRIGHT,20220113,-0.30927516780894954,0,206,118308,1
B,BRIGHT,20220114,-0.18742270706622638,0,206,118308,1
B,BRIGHT,20220119,-0.4032498867656723,0,206,118308,1
B,BRIGHT,20220120,-0.15961466503095872,0,206,118308,1
B,BRIGHT,20220121,0.16023273309361463,0,206,118308,1
B,BRIGHT,20220123,0.2636851816153159,0,206,118308,1
B,BRIGHT,20220124,-0.6015106812030037,0,206,118308,1
B,BRIGHT,20220125,0.4247193210045032,0,206,118308,1
B,BRIGHT,20220126,0.4655981471448686,0,206,118308,1
B,BRIGHT,20220127,0.40218874813977756,0,206,118308,1
B,BRIGHT,20220129,0.049798981745535195,0,206,118308,1
B,BRIGHT,20220130,1.0238082969510072,0,206,118308,1
B,BRIGHT,20220131,0.7441540354732002,0,206,118308,1
B,BRIGHT,20220201,0.3770973275253566,0,206,118308,1
B,BRIGHT,20220202,0.4744857373568125,0,206,118308,1
B,BRIGHT,20220203,0.6912008113077472,0,206,118308,1
B,BRIGHT,20220204,-0.6780587492012026,0,206,118308,1
B,BRIGHT,20220205,-0.12861026367630246,0,206,118308,1
B,BRIGHT,20220206,1.0643639926434316,0,206,118308,1
B,BRIGHT,20220207,0.4637826932465305,0,206,118308,1
B,BRIGHT,20220208,0.10800393251568258,0,206,118308,1
B,BRIGHT,20220209,-0.10681955997096658,0,206,118308,1
B,BRIGHT,20220210,-0.5775139830718331,0,206,118308,1
B,BRIGHT,20220211,-0.3628201126795266,0,206,118308,1
B,BRIGHT,20220212,-0.49519685793738816,0,206,118308,1
B,BRIGHT,20220213,-0.7929821950417569,0,206,118308,1
B,BRIGHT,20220217,-0.09587471304675661,0,206,118308,1
B,BRIGHT,20220218,-0.6302496897351395,0,206,118308,1
B,BRIGHT,20220219,-0.8942485834468221,0,206,118308,1
B,BRIGHT,20220220,-1.039940269390463,0,206,118308,1
B,BRIGHT,20220221,0.07447445058880746,0,206,118308,1
B,BRIGHT,20220225,0.32068570612717595,0,206,118308,1
B,BRIGHT,20220227,0.39535354419450675,0,206,118308,1
B,BRIGHT,20220301,-1.0443357510526803,0,206,118308,1
B,BRIGHT,20220302,0.10959488910984977,0,206,118308,1
B,BRIGHT,20220303,-0.6314799897113976,0,206,118308,1
B,BRIGHT,20220304,0.930335979182401,0,206,118308,1
B,BRIGHT,20220305,-0.14409735604770663,0,206,118308,1
B,BRIGHT,20220306,0.18424260539643333,0,206,118308,1
B,BRIGHT,20220307,0.48136428486703026,0,206,118308,1
B,BRIGHT,20220310,0.9937830259502294,0,206,118308,1
B,BRIGHT,20220311,-0.3308771851225958,0,206,118308,1
B,BRIGHT,20220312,-0.3455743152282573,0,206,118308,1
B,BRIGHT,20220313,-0.24666745151339836,0,206,118308,1
B,BRIGHT,20220314,-0.6076860312306318,0,206,118308,1
B,BRIGHT,20220315,-1.0543576945174697,0,206,118308,1
B,BRIGHT,20220316,-0.16119235052591357,0,206,118308,1
B,BRIGHT,20220317,-1.0242392987774283,0,206,118308,1
B,BRIGHT,20220318,-0.9631449288852774,0,206,118308,1
B,BRIGHT,20220319,-0.2645188630703719,0,206,118308,1
B,BRIGHT,20220321,-0.6427474088548987,0,206,118308,1
B,BRIGHT,20220322,-0.1695370498530459,0,206,118308,1
B,BRIGHT,20220323,0.0688764325812885,0,206,118308,1
B,BRIGHT,20220325,0.11069534709057592,0,206,118308,1
B,BRIGHT,20220327,0.06117572234440867,0,206,118308,1
B,BRIGHT,20220329,0.35714937846411315,0,206,118308,1
B,BRIGHT,20220331,0.7718570011339208,0,206,118308,1
B,BRIGHT,20220401,-1.0543201040303678,0,206,118308,1
B,BRIGHT,20220402,0.4142427501866235,0,206,118308,1
B,BRIGHT,20220403,0.09869357000955825,0,206,118308,1
B,BRIGHT,20220407,-0.11120627391190001,0,206,118308,1
B,BRIGHT,20220408,-1.173943328211587,0,206,118308,1
B,BRIGHT,20220409,-0.6748805708441065,0,206,118308,1
B,BRIGHT,20220413,-0.6726649145142645,0,206,118308,1
B,BRIGHT,20220414,-0.9942110372911803,0,206,118308,1
B,BRIGHT,20220416,-0.8482172508682995,0,206,118308,1
B,BRIGHT,20220417,-0.6882443644591631,0,206,118308,1
B,BRIGHT,20220418,-0.388477682487491,0,206,118308,1
B,BRIGHT,20220419,-0.7346209739054403,0,206,118308,1
B,BRIGHT,20220420,-0.723132903171644,0,206,118308,1
B,BRIGHT,20220421,-0.17157920357088746,0,206,118308,1
B,BRIGHT,20220422,0.9318325778760165,0,206,118308,1
B,BRIGHT,20220423,0.24220426022844938,0,206,118308,1
B,BRIGHT,20220426,0.5657799010947081,0,206,118308,1
B,BRIGHT,20220428,0.26662044069410723,0,206,118308,1
B,BRIGHT,20220429,-0.38783708068578376,0,206,118308,1
B,BRIGHT,20220430,0.2822788527306953,0,206,118308,1
B,BRIGHT,20220501,-0.7583074272211683,0,206,118308,1
B,BRIGHT,20220502,0.07197742515572343,0,206,118308,1
B,BRIGHT,20220503,0.5357040136845808,0,206,118308,1
B,BRIGHT,20220504,-0.006398501430571579,0,206,118308,1
B,BRIGHT,20220505,0.08625686934828895,0,206,118308,1
B,BRIGHT,20220506,-0.009374108956163578,0,206,118308,1
B,BRIGHT,20220507,-0.11483692164899538,0,206,118308,1
B,BRIGHT,20220508,0.008355433236863115,0,206,118308,1
B,BRIGHT,20220509,-0.15592733353893634,0,206,118308,1
B,BRIGHT,20220510,-0.22764462565585397,0,206,118308,1
B,BRIGHT,20220511,-0.774611239632951,0,206,118308,1
B,BRIGHT,20220512,-0.49666098743385995,0,206,118308,1
B,BRIGHT,20220513,-0.7436581891170988,0,206,118308,1
B,BRIGHT,20220514,-0.5168080485723957,0,206,118308,1
B,BRIGHT,20220515,-0.1484337429265768,0,206,118308,1
B,BRIGHT,20220516,-0.23809789409335985,0,206,118308,1
B,BRIGHT,20220518,0.4426125574965175,0,206,118308,1
B,BRIGHT,20220522,0.8160744253878148,0,206,118308,1
B,BRIGHT,20220523,1.3430468523730115,0,206,118308,1
B,BRIGHT,20220524,0.7099366304320319,0,206,118308,1
B,BRIGHT,20220526,0.3160250258899758,0,206,118308,1
B,BRIGHT,20220527,2.2733378497204115,0,206,118308,1
B,BRIGHT,20220530,1.1117341977798534,0,206,118308,1
B,BRIGHT,20220531,0.4361350782485705,0,206,118308,1
B,BRIGHT,20220602,0.26747528370790447,0,206,118308,1
B,BRIGHT,20220605,0.2643173874929862,0,206,118308,1
B,BRIGHT,20220607,0.3890070661210594,0,206,118308,1
B,BRIGHT,20220609,0.8696374476748756,0,206,118308,1
B,BRIGHT,20220611,3.311285031062632,0,206,118308,1
B,BRIGHT,20220612,0.9701603924515512,0,206,118308,1
A,DARK,20210514,-0.5548476069945202,0,159,52800,1
A,DARK,20210515,0.48268531641707263,0,159,52800,1
A,DARK,20210516,0.0,0,159,52800,1
A,DARK,20210517,-0.1800837735585048,0,159,52800,1
A,DARK,20210528,0.6982925525669288,0,159,52800,1
A,DARK,20210530,-0.28887935718715574,0,159,52800,1
A,DARK,20210531,-0.27493249533415526,0,159,52800,1
A,DARK,20210602,-0.2086012855389161,0,159,52800,1
A,DARK,20210603,-0.7856351697094214,0,159,52800,1
A,DARK,20210604,0.4235040588325609,0,159,52800,1
A,DARK,20210606,0.8038715558346715,0,159,52800,1
A,DARK,20210610,-0.16131870642000712,0,159,52800,1
A,DARK,20210611,-0.16037403822327512,0,159,52800,1
A,DARK,20210612,0.17172097718171037,0,159,52800,1
A,DARK,20210708,0.848337811782571,0,159,52800,1
A,DARK,20211001,0.5811292078232093,0,159,52800,1
A,DARK,20211002,1.082885499073736,0,159,52800,1
A,DARK,20211005,1.3496363086340524,0,159,52800,1
A,DARK,20211006,0.6983445963512617,0,159,52800,1
A,DARK,20211008,1.0902318128366568,0,159,52800,1
A,DARK,20211009,0.7640661347287756,0,159,52800,1
A,DARK,20211010,1.4518087385732859,0,159,52800,1
A,DARK,20211013,1.221412551939912,0,159,52800,1
A,DARK,20211014,1.3360363325129265,0,159,52800,1
A,DARK,20211016,0.6801138894662605,0,159,52800,1
A,DARK,20211027,0.7155595867611565,0,159,52800,1
A,DARK,20211029,1.5783455939627378,0,159,52800,1
A,DARK,20211030,1.6333854299983792,0,159,52800,1
A,DARK,20211031,1.9069097506682748,0,159,52800,1
A,DARK,20211101,1.8451291234316578,0,159,52800,1
A,DARK,20211102,1.430623448441783,0,159,52800,1
A,DARK,20211103,0.7851579982236278,0,159,52800,1
A,DARK,20211104,1.0031964595644696,0,159,52800,1
A,DARK,20211105,1.163794975860636,0,159,52800,1
A,DARK,20211106,1.0828126213653342,0,159,52800,1
A,DARK,20211107,1.6893292038898124,0,159,52800,1
A,DARK,20211108,1.014221503250193,0,159,52800,1
A,DARK,20211109,0.8524769465167061,0,159,52800,1
A,DARK,20211110,0.9952956719580086,0,159,52800,1
A,DARK,20211111,1.1406924090365638,0,159,52800,1
A,DARK,20211112,0.6136703106237775,0,159,52800,1
A,DARK,20211113,0.6040412431896164,0,159,52800,1
A,DARK,20211114,0.39916766879717036,0,159,52800,1
A,DARK,20211116,-0.07793182255240014,0,159,52800,1
A,DARK,20211126,0.6839279907279797,0,159,52800,1
A,DARK,20211127,1.1088003321156155,0,159,52800,1
A,DARK,20211128,0.6046478351773407,0,159,52800,1
A,DARK,20211129,1.1872256802806715,0,159,52800,1
A,DARK,20211130,1.0939035115318592,0,159,52800,1
A,DARK,20211201,0.891118749813922,0,159,52800,1
A,DARK,20211202,1.062232305848322,0,159,52800,1
A,DARK,20211203,0.9185326575509718,0,159,52800,1
A,DARK,20211204,1.1492952958980194,0,159,52800,1
A,DARK,20211205,0.7812233093601397,0,159,52800,1
A,DARK,20211207,1.482069368471557,0,159,52800,1
A,DARK,20211208,0.9134257792395877,0,159,52800,1
A,DARK,20211210,0.7775953709014409,0,159,52800,1
A,DARK,20211211,0.4711808685299074,0,159,52800,1
A,DARK,20211212,0.7756818683205174,0,159,52800,1
A,DARK,20211215,0.36214105833526034,0,159,52800,1
A,DARK,20220101,0.66583234135917,0,159,52800,1
A,DARK,20220102,0.41667298080832527,0,159,52800,1
A,DARK,20220103,0.6331524749878715,0,159,52800,1
A,DARK,20220104,0.3107160868569425,0,159,52800,1
A,DARK,20220105,1.0676894040214375,0,159,52800,1
A,DARK,20220106,0.751162326979581,0,159,52800,1
A,DARK,20220107,0.6169458136151816,0,159,52800,1
A,DARK,20220109,0.6280297045659073,0,159,52800,1
A,DARK,20220112,0.5756442395517616,0,159,52800,1
A,DARK,20220113,-1.11905372168032,0,159,52800,1
A,DARK,20220123,-0.1651567109217273,0,159,52800,1
A,DARK,20220124,-0.08783190553571452,0,159,52800,1
A,DARK,20220126,0.5487511286190365,0,159,52800,1
A,DARK,20220130,0.5260808961935579,0,159,52800,1
A,DARK,20220131,0.4224341205439002,0,159,52800,1
A,DARK,20220202,-0.12334449293397717,0,159,52800,1
A,DARK,20220203,-0.24684879260871734,0,159,52800,1
A,DARK,20220204,-0.06115821794395204,0,159,52800,1
A,DARK,20220205,0.154710683686606,0,159,52800,1
A,DARK,20220206,-0.5633344719920573,0,159,52800,1
A,DARK,20220207,0.3757996923060135,0,159,52800,1
A,DARK,20220208,-0.3475010328713476,0,159,52800,1
A,DARK,20220209,-0.8149476696704394,0,159,52800,1
A,DARK,20220210,-0.17672440660242889,0,159,52800,1
A,DARK,20220211,-1.302236662036694,0,159,52800,1
A,DARK,20220212,-1.6096982750737303,0,159,52800,1
A,DARK,20220218,-1.1743780735882647,0,159,52800,1
A,DARK,20220219,-0.6686436397121047,0,159,52800,1
A,DARK,20220221,-1.7239585852300836,0,159,52800,1
A,DARK,20220225,0.18815773742633934,0,159,52800,1
A,DARK,20220226,-0.2241247159913003,0,159,52800,1
A,DARK,20220228,0.09934206815974661,0,159,52800,1
A,DARK,20220301,0.09327581357402034,0,159,52800,1
A,DARK,20220306,-0.32439839488843875,0,159,52800,1
A,DARK,20220307,0.10990147711463118,0,159,52800,1
A,DARK,20220308,7.978763988786275e-05,0,159,52800,1
A,DARK,20220309,-0.660078506232032,0,159,52800,1
A,DARK,20220311,-0.949930327772421,0,159,52800,1
A,DARK,20220312,-1.5246043513572407,0,159,52800,1
A,DARK,20220321,-0.27470147037120707,0,159,52800,1
A,DARK,20220322,-0.9178382410729163,0,159,52800,1
A,DARK,20220323,-0.6551013370261992,0,159,52800,1
A,DARK,20220324,-0.457378295293839,0,159,52800,1
A,DARK,20220325,-0.28701537271166383,0,159,52800,1
A,DARK,20220326,-0.008088358673358761,0,159,52800,1
A,DARK,20220327,0.07469123986627793,0,159,52800,1
A,DARK,20220329,-0.5991688071957396,0,159,52800,1
A,DARK,20220330,-0.46291302816695545,0,159,52800,1
A,DARK,20220331,-0.06347170654247092,0,159,52800,1
A,DARK,20220401,0.17004824129018964,0,159,52800,1
A,DARK,20220402,-0.40191352505123323,0,159,52800,1
A,DARK,20220403,-0.13311989832292515,0,159,52800,1
A,DARK,20220404,-0.4578203255797243,0,159,52800,1
A,DARK,20220405,-0.43047913425450435,0,159,52800,1
A,DARK,20220406,-0.8088045001435529,0,159,52800,1
A,DARK,20220407,-0.48038688326487466,0,159,52800,1
A,DARK,20220408,-0.6902003286951169,0,159,52800,1
A,DARK,20220409,-0.41438127151977633,0,159,52800,1
A,DARK,20220418,-1.1892743933254848,0,159,52800,1
A,DARK,20220419,-1.8458867168516915,0,159,52800,1
A,DARK,20220420,-1.3156456449064908,0,159,52800,1
A,DARK,20220421,-0.20366027714138762,0,159,52800,1
A,DARK,20220423,-0.717455297992357,0,159,52800,1
A,DARK,20220424,-0.8233786166256837,0,159,52800,1
A,DARK,20220425,-0.32764466891827565,0,159,52800,1
A,DARK,20220427,-0.0008711646226003539,0,159,52800,1
A,DARK,20220428,-0.12850669494290418,0,159,52800,1
A,DARK,20220429,-0.37922989040427224,0,159,52800,1
A,DARK,20220430,0.26128273501234334,0,159,52800,1
A,DARK,20220501,-0.08561919161788417,0,159,52800,1
A,DARK,20220502,-0.17357191696010815,0,159,52800,1
A,DARK,20220503,-0.07393132260655103,0,159,52800,1
A,DARK,20220504,0.006675723766697256,0,159,52800,1
A,DARK,20220505,-0.7948290132531738,0,159,52800,1
A,DARK,20220506,-1.216028251252197,0,159,52800,1
A,DARK,20220508,-0.5167585182516308,0,159,52800,1
A,DARK,20220509,-0.9508562240394897,0,159,52800,1
A,DARK,20220510,-1.2677521780049128,0,159,52800,1
A,DARK,20220511,-0.9622632838452482,0,159,52800,1
A,DARK,20220515,-0.5369290489060026,0,159,52800,1
A,DARK,20220518,0.22976245946629034,0,159,52800,1
A,DARK,20220522,-0.3619862938123283,0,159,52800,1
A,DARK,20220523,-0.2552335424227988,0,159,52800,1
A,DARK,20220524,-0.06471999787823426,0,159,52800,1
A,DARK,20220525,0.10715322085909129,0,159,52800,1
A,DARK,20220526,-0.05193219651387024,0,159,52800,1
A,DARK,20220527,0.44849086985594017,0,159,52800,1
A,DARK,20220528,0.20170159942388127,0,159,52800,1
A,DARK,20220529,-0.23117152758567378,0,159,52800,1
A,DARK,20220530,-0.21997356105639898,0,159,52800,1
A,DARK,20220531,0.028471294946442738,0,159,52800,1
A,DARK,20220601,-0.4243102935633002,0,159,52800,1
A,DARK,20220602,-0.12920123201569145,0,159,52800,1
A,DARK,20220603,-0.050905013385720954,0,159,52800,1
A,DARK,20220604,0.18172874868661212,0,159,52800,1
A,DARK,20220605,-0.4347539453584257,0,159,52800,1
A,DARK,20220606,-0.6164984507743609,0,159,52800,1
A,DARK,20220607,-0.3310207097478944,0,159,52800,1
A,DARK,20220609,-0.8534626264804682,0,159,52800,1
B,DARK,20210514,0.14688839347454472,0,161,53852,1
B,DARK,20210515,-0.018869464330974216,0,161,53852,1
B,DARK,20210516,0.4272480819046782,0,161,53852,1
B,DARK,20210517,0.18816503987663163,0,161,53852,1
B,DARK,20210528,-0.12265834952190857,0,161,53852,1
B,DARK,20210530,-0.9104892697501012,0,161,53852,1
B,DARK,20210531,-1.0863439039927263,0,161,53852,1
B,DARK,20210602,-0.6459208090115794,0,161,53852,1
B,DARK,20210603,-1.0337844455531762,0,161,53852,1
B,DARK,20210604,-0.3991752707587359,0,161,53852,1
B,DARK,20210606,-0.12821523851248529,0,161,53852,1
B,DARK,20210610,-0.10065596568993199,0,161,53852,1
B,DARK,20210611,0.3279850896377518,0,161,53852,1
B,DARK,20210612,-0.18784799756785353,0,161,53852,1
B,DARK,20210708,1.2025596264545961,0,161,53852,1
B,DARK,20211001,0.7373863344633966,0,161,53852,1
B,DARK,20211002,1.0176309149373575,0,161,53852,1
B,DARK,20211003,1.6541628569771571,0,161,53852,1
B,DARK,20211005,1.4835058494376008,0,161,53852,1
B,DARK,20211006,0.8600113685355341,0,161,53852,1
B,DARK,20211008,0.8351296863436943,0,161,53852,1
B,DARK,20211009,0.751630749896202,0,161,53852,1
B,DARK,20211010,1.4155585021667272,0,161,53852,1
B,DARK,20211013,1.0500388052431082,0,161,53852,1
B,DARK,20211014,0.8285844362752961,0,161,53852,1
B,DARK,20211016,0.3696936962692322,0,161,53852,1
B,DARK,20211027,0.5822134272226408,0,161,53852,1
B,DARK,20211028,0.5999594825187975,0,161,53852,1
B,DARK,20211029,0.4524537526062145,0,161,53852,1
B,DARK,20211030,1.4782526389255544,0,161,53852,1
B,DARK,20211031,1.1221121735552704,0,161,53852,1
B,DARK,20211101,1.4655764890331358,0,161,53852,1
B,DARK,20211102,1.4784626738049294,0,161,53852,1
B,DARK,20211103,0.9539023595132786,0,161,53852,1
B,DARK,20211104,1.2048628462287139,0,161,53852,1
B,DARK,20211105,0.6846863775595048,0,161,53852,1
B,DARK,20211106,0.76970209849127,0,161,53852,1
B,DARK,20211107,1.4091829145924282,0,161,53852,1
B,DARK,20211108,1.0812755807455547,0,161,53852,1
B,DARK,20211109,0.7047589960227344,0,161,53852,1
B,DARK,20211110,0.5836366824319482,0,161,53852,1
B,DARK,20211111,0.9469800126786152,0,161,53852,1
B,DARK,20211112,0.29664714727874647,0,161,53852,1
B,DARK,20211113,0.5313510161777784,0,161,53852,1
B,DARK,20211114,0.1531621237938422,0,161,53852,1
B,DARK,20211116,-0.25305990570052744,0,161,53852,1
B,DARK,20211126,0.7164539807898641,0,161,53852,1
B,DARK,20211127,1.0071687684068722,0,161,53852,1
B,DARK,20211128,0.3457538020064821,0,161,53852,1
B,DARK,20211129,1.1611778619910667,0,161,53852,1
B,DARK,20211130,0.9842433591058892,0,161,53852,1
B,DARK,20211201,0.6920018660988547,0,161,53852,1
B,DARK,20211202,1.26625971912876,0,161,53852,1
B,DARK,20211203,0.53616449735567,0,161,53852,1
B,DARK,20211204,1.0578762584628405,0,161,53852,1
B,DARK,20211205,0.7441760012649212,0,161,53852,1
B,DARK,20211207,0.719631377875091,0,161,53852,1
B,DARK,20211208,0.9726116118963186,0,161,53852,1
B,DARK,20211210,1.1839584240695078,0,161,53852,1
B,DARK,20211211,0.19863593336679994,0,161,53852,1
B,DARK,20211212,0.5950571608513617,0,161,53852,1
B,DARK,20211215,0.18433834146410627,0,161,53852,1
B,DARK,20220101,1.0327971230701214,0,161,53852,1
B,DARK,20220102,0.12600977134730365,0,161,53852,1
B,DARK,20220103,0.2966929870008692,0,161,53852,1
B,DARK,20220104,0.4230199079278878,0,161,53852,1
B,DARK,20220105,0.8618841955943203,0,161,53852,1
B,DARK,20220106,0.28091606531482377,0,161,53852,1
B,DARK,20220107,0.7035642045841045,0,161,53852,1
B,DARK,20220109,0.35993666294804877,0,161,53852,1
B,DARK,20220112,0.32767129275830204,0,161,53852,1
B,DARK,20220113,-1.7140075801444061,0,161,53852,1
B,DARK,20220120,-0.3064794657084078,0,161,53852,1
B,DARK,20220123,-0.06895767530898725,0,161,53852,1
B,DARK,20220124,-0.3574337355978114,0,161,53852,1
B,DARK,20220126,0.4201303178516527,0,161,53852,1
B,DARK,20220130,0.44257729012617686,0,161,53852,1
B,DARK,20220131,0.27630780704329555,0,161,53852,1
B,DARK,20220202,-0.2679740146752456,0,161,53852,1
B,DARK,20220203,0.059699313548976674,0,161,53852,1
B,DARK,20220204,0.0015407246238504993,0,161,53852,1
B,DARK,20220205,0.12425903551164383,0,161,53852,1
B,DARK,20220206,-0.40912307938496384,0,161,53852,1
B,DARK,20220207,0.47543549505624916,0,161,53852,1
B,DARK,20220208,-0.1652712264384811,0,161,53852,1
B,DARK,20220209,-0.7380458104699835,0,161,53852,1
B,DARK,20220210,0.0,0,161,53852,1
B,DARK,20220211,-1.5112751412943735,0,161,53852,1
B,DARK,20220212,-2.1021738999376303,0,161,53852,1
B,DARK,20220218,-0.7538023791691508,0,161,53852,1
B,DARK,20220219,-0.41041167182525756,0,161,53852,1
B,DARK,20220221,-1.3925586721273286,0,161,53852,1
B,DARK,20220225,0.09982389189496746,0,161,53852,1
B,DARK,20220226,-0.20795533422034482,0,161,53852,1
B,DARK,20220228,-0.021919179827444984,0,161,53852,1
B,DARK,20220301,-0.030678933438377846,0,161,53852,1
B,DARK,20220306,-0.13758275941191125,0,161,53852,1
B,DARK,20220307,0.368989510533346,0,161,53852,1
B,DARK,20220308,-0.37325803155632203,0,161,53852,1
B,DARK,20220309,-0.7486537109585876,0,161,53852,1
B,DARK,20220311,-0.9793477211977624,0,161,53852,1
B,DARK,20220312,-1.518549318045313,0,161,53852,1
B,DARK,20220321,-1.0499437735552102,0,161,53852,1
B,DARK,20220322,-0.38719639415404816,0,161,53852,1
B,DARK,20220323,-0.8992371070966011,0,161,53852,1
B,DARK,20220324,-0.7343494350060487,0,161,53852,1
B,DARK,20220325,-0.3688324317487126,0,161,53852,1
B,DARK,20220326,-0.22899676101660135,0,161,53852,1
B,DARK,20220327,0.26142283647266445,0,161,53852,1
B,DARK,20220329,-0.5032510627435448,0,161,53852,1
B,DARK,20220330,-0.6192063727007943,0,161,53852,1
B,DARK,20220331,-0.2544696138387838,0,161,53852,1
B,DARK,20220401,-0.13430047793134797,0,161,53852,1
B,DARK,20220402,-0.040053818011673036,0,161,53852,1
B,DARK,20220403,-0.3541739798329759,0,161,53852,1
B,DARK,20220404,-0.43975002857840967,0,161,53852,1
B,DARK,20220405,-0.37129060626122784,0,161,53852,1
B,DARK,20220406,-0.8964649479785518,0,161,53852,1
B,DARK,20220407,-0.7512352507282852,0,161,53852,1
B,DARK,20220408,-0.9823788367330093,0,161,53852,1
B,DARK,20220409,-0.9198590350976497,0,161,53852,1
B,DARK,20220418,-1.492059751591527,0,161,53852,1
B,DARK,20220419,-1.7947696421261574,0,161,53852,1
B,DARK,20220420,-1.318305829995702,0,161,53852,1
B,DARK,20220421,-0.3626600758141286,0,161,53852,1
B,DARK,20220423,-0.7417473924399285,0,161,53852,1
B,DARK,20220424,-0.469420882443934,0,161,53852,1
B,DARK,20220425,-0.24682314539237207,0,161,53852,1
B,DARK,20220427,0.16233453848462986,0,161,53852,1
B,DARK,20220428,0.05226825156333313,0,161,53852,1
B,DARK,20220429,-0.5715710291967303,0,161,53852,1
B,DARK,20220430,-0.48649560422126825,0,161,53852,1
B,DARK,20220501,-0.07816691997579492,0,161,53852,1
B,DARK,20220502,0.2681251796949306,0,161,53852,1
B,DARK,20220503,-0.4217930550784847,0,161,53852,1
B,DARK,20220504,-0.24937375982893753,0,161,53852,1
B,DARK,20220505,-0.5896486660675814,0,161,53852,1
B,DARK,20220506,-1.5285753095446881,0,161,53852,1
B,DARK,20220508,-0.4418293330117868,0,161,53852,1
B,DARK,20220509,-0.50332672093667,0,161,53852,1
B,DARK,20220510,-1.5841219127811936,0,161,53852,1
B,DARK,20220511,-1.0111648805744387,0,161,53852,1
B,DARK,20220518,0.26514928433259183,0,161,53852,1
B,DARK,20220522,-0.12782231375283543,0,161,53852,1
B,DARK,20220523,0.08296841769701546,0,161,53852,1
B,DARK,20220524,-0.161079517903424,0,161,53852,1
B,DARK,20220525,-0.1955847299881822,0,161,53852,1
B,DARK,20220526,-0.34986619296336624,0,161,53852,1
B,DARK,20220527,-0.15782061249183674,0,161,53852,1
B,DARK,20220528,0.19396294239161876,0,161,53852,1
B,DARK,20220529,0.24881494947379446,0,161,53852,1
B,DARK,20220530,-0.07218267631239444,0,161,53852,1
B,DARK,20220531,0.18306069728840818,0,161,53852,1
B,DARK,20220601,-0.056334918432989094,0,161,53852,1
B,DARK,20220602,-0.34337446408898775,0,161,53852,1
B,DARK,20220603,0.21171257136415947,0,161,53852,1
B,DARK,20220604,-0.37156894971148297,0,161,53852,1
B,DARK,20220605,-0.06318842488203164,0,161,53852,1
B,DARK,20220606,-0.368163330738098,0,161,53852,1
B,DARK,20220607,0.25349237368789146,0,161,53852,1
B,DARK,20220609,-0.18651187645217837,0,161,53852,1
